symbol,fold,train_start,train_end,valid_start,valid_end,annualized_return,sharpe,max_drawdown,win_rate,turnover_annual,trades,passed_min_samples,selected_params,candidate,strategy_id,strategy_display_name,strategy_category,panel_scope,supports_brief,supports_paper_trade,target_days,live_days,avg_target_holdings,avg_live_holdings,trade_days,first_target_date,first_target_symbols,universe_mode,universe_as_of_date,universe_symbol_count,universe_snapshot_count,universe_source,candidate_summary,selected_candidate,is_selected_candidate,candidate_eligible_for_selection,candidate_governance_reason,selected_candidate_eligible,selected_candidate_governance_reason,quality_explain_rows,quality_selected_rows,financial_pit_announce_coverage,selected_financial_pit_announce_coverage,financial_field_coverage_mean,selected_financial_field_coverage_mean,financial_missing_blocked_ratio,quality_score_mean,selected_quality_score_mean,selected_quality_score_lift,roe_coverage,cash_flow_coverage,profit_growth_coverage,revenue_growth_coverage,low_debt_coverage,selected_quality_roe_component_mean,selected_quality_cash_flow_component_mean,selected_quality_profit_growth_component_mean,selected_quality_revenue_growth_component_mean,selected_quality_low_debt_component_mean,walk_forward_preset,walk_forward_train_years,walk_forward_validate_years,walk_forward_start_date,walk_forward_end_date,walk_forward_expected_folds,walk_forward_actual_folds,walk_forward_fold_generation_warning,status,failure_reason
PORTFOLIO,1,2019-08-06,2023-05-12,2023-05-15,2024-05-10,-0.2517257206336172,-2.1192929757722134,-0.262987718975667,0.39748953974895396,18.271300502923477,239,True,"legacy_mom5@q0.5,top_n=3,target_vol=0.18",legacy_momentum,legacy_momentum,Legacy Momentum,rule_based,portfolio,True,True,240,239,3.0,3.0,239,2023-05-15,"['SZ.002466', 'SZ.002709', 'SZ.300014']",point_in_time,2023-05-12,120,5123,local_history_sqlite_as_of,"legacy_momentum: score=-1.1308, selection_score=-1000000.0000, eligible=False, ann=-0.1295, sharpe=-0.9713, mdd=-0.1895; legacy_momentum_low_turnover_v1: score=0.5780, selection_score=-1000000.0000, eligible=False, ann=0.1147, sharpe=0.5808, mdd=-0.1203; ma_kline_baseline_v1: score=-4.9502, selection_score=-1000000.0000, eligible=False, ann=-0.4930, sharpe=-4.4614, mdd=-0.4846; residual_momentum_reversal_v1: score=-3.4788, selection_score=-1000000.0000, eligible=False, ann=-0.3293, sharpe=-3.1514, mdd=-0.3256; residual_momentum_reversal_v2: score=-4.5682, selection_score=-1000000.0000, eligible=False, ann=-0.4558, sharpe=-4.1086, mdd=-0.4635; quality_growth_price_v1: score=-0.5368, selection_score=-1000000.0000, eligible=False, ann=-0.0319, sharpe=-0.4412, mdd=-0.1594; low_vol_low_turnover_quality_v1: score=1.0581, selection_score=-1000000.0000, eligible=False, ann=0.1203, sharpe=1.0513, mdd=-0.1067; quality_low_turnover_monthly_v1: score=1.0304, selection_score=-1000000.0000, eligible=False, ann=0.1211, sharpe=1.0290, mdd=-0.1183; multifactor_volume_price_filter_v1: score=-1.6503, selection_score=-1000000.0000, eligible=False, ann=-0.1728, sharpe=-1.4584, mdd=-0.2110; core_selection_quality_momentum_v1: score=-0.3078, selection_score=-1000000.0000, eligible=False, ann=-0.0015, sharpe=-0.2337, mdd=-0.1467; theme_exposure_momentum_v1: score=-0.5570, selection_score=-1000000.0000, eligible=False, ann=-0.0407, sharpe=-0.4893, mdd=-0.0946",low_vol_low_turnover_quality_v1,False,False,portfolio_fold_count<4,,,,,,,,,,,,,,,,,,,,,,,quality_4y_1y,4,1,,,,3,,ok,
PORTFOLIO,2,2020-05-13,2024-05-10,2024-05-13,2025-05-12,-0.16539324129815236,-1.0528811924171717,-0.18198233397346908,0.4190871369294606,16.941479659790605,241,True,"legacy_mom5@q0.5,top_n=3,target_vol=0.18",legacy_momentum,legacy_momentum,Legacy Momentum,rule_based,portfolio,True,True,242,241,3.0,3.0,241,2024-05-13,"['SH.601919', 'SH.600489', 'SH.600048']",point_in_time,2024-05-10,120,5353,local_history_sqlite_as_of,"legacy_momentum: score=-1.1308, selection_score=-1000000.0000, eligible=False, ann=-0.1295, sharpe=-0.9713, mdd=-0.1895; legacy_momentum_low_turnover_v1: score=0.5780, selection_score=-1000000.0000, eligible=False, ann=0.1147, sharpe=0.5808, mdd=-0.1203; ma_kline_baseline_v1: score=-4.9502, selection_score=-1000000.0000, eligible=False, ann=-0.4930, sharpe=-4.4614, mdd=-0.4846; residual_momentum_reversal_v1: score=-3.4788, selection_score=-1000000.0000, eligible=False, ann=-0.3293, sharpe=-3.1514, mdd=-0.3256; residual_momentum_reversal_v2: score=-4.5682, selection_score=-1000000.0000, eligible=False, ann=-0.4558, sharpe=-4.1086, mdd=-0.4635; quality_growth_price_v1: score=-0.5368, selection_score=-1000000.0000, eligible=False, ann=-0.0319, sharpe=-0.4412, mdd=-0.1594; low_vol_low_turnover_quality_v1: score=1.0581, selection_score=-1000000.0000, eligible=False, ann=0.1203, sharpe=1.0513, mdd=-0.1067; quality_low_turnover_monthly_v1: score=1.0304, selection_score=-1000000.0000, eligible=False, ann=0.1211, sharpe=1.0290, mdd=-0.1183; multifactor_volume_price_filter_v1: score=-1.6503, selection_score=-1000000.0000, eligible=False, ann=-0.1728, sharpe=-1.4584, mdd=-0.2110; core_selection_quality_momentum_v1: score=-0.3078, selection_score=-1000000.0000, eligible=False, ann=-0.0015, sharpe=-0.2337, mdd=-0.1467; theme_exposure_momentum_v1: score=-0.5570, selection_score=-1000000.0000, eligible=False, ann=-0.0407, sharpe=-0.4893, mdd=-0.0946",low_vol_low_turnover_quality_v1,False,False,portfolio_fold_count<4,,,,,,,,,,,,,,,,,,,,,,,quality_4y_1y,4,1,,,,3,,ok,
PORTFOLIO,3,2021-05-13,2025-05-12,2025-05-13,2026-05-12,0.028524693983596805,0.25828615868796156,-0.12340519788069682,0.4854771784232365,14.176078491442606,241,True,"legacy_mom5@q0.5,top_n=3,target_vol=0.18",legacy_momentum,legacy_momentum,Legacy Momentum,rule_based,portfolio,True,True,242,241,3.0,3.0,241,2025-05-13,"['SZ.300502', 'SZ.300750', 'SZ.300308']",point_in_time,2025-05-12,120,5399,local_history_sqlite_as_of,"legacy_momentum: score=-1.1308, selection_score=-1000000.0000, eligible=False, ann=-0.1295, sharpe=-0.9713, mdd=-0.1895; legacy_momentum_low_turnover_v1: score=0.5780, selection_score=-1000000.0000, eligible=False, ann=0.1147, sharpe=0.5808, mdd=-0.1203; ma_kline_baseline_v1: score=-4.9502, selection_score=-1000000.0000, eligible=False, ann=-0.4930, sharpe=-4.4614, mdd=-0.4846; residual_momentum_reversal_v1: score=-3.4788, selection_score=-1000000.0000, eligible=False, ann=-0.3293, sharpe=-3.1514, mdd=-0.3256; residual_momentum_reversal_v2: score=-4.5682, selection_score=-1000000.0000, eligible=False, ann=-0.4558, sharpe=-4.1086, mdd=-0.4635; quality_growth_price_v1: score=-0.5368, selection_score=-1000000.0000, eligible=False, ann=-0.0319, sharpe=-0.4412, mdd=-0.1594; low_vol_low_turnover_quality_v1: score=1.0581, selection_score=-1000000.0000, eligible=False, ann=0.1203, sharpe=1.0513, mdd=-0.1067; quality_low_turnover_monthly_v1: score=1.0304, selection_score=-1000000.0000, eligible=False, ann=0.1211, sharpe=1.0290, mdd=-0.1183; multifactor_volume_price_filter_v1: score=-1.6503, selection_score=-1000000.0000, eligible=False, ann=-0.1728, sharpe=-1.4584, mdd=-0.2110; core_selection_quality_momentum_v1: score=-0.3078, selection_score=-1000000.0000, eligible=False, ann=-0.0015, sharpe=-0.2337, mdd=-0.1467; theme_exposure_momentum_v1: score=-0.5570, selection_score=-1000000.0000, eligible=False, ann=-0.0407, sharpe=-0.4893, mdd=-0.0946",low_vol_low_turnover_quality_v1,False,False,portfolio_fold_count<4,,,,,,,,,,,,,,,,,,,,,,,quality_4y_1y,4,1,,,,3,,ok,
PORTFOLIO,1,2019-08-06,2023-05-12,2023-05-15,2024-05-10,-0.0900924749948171,-0.9162907937545625,-0.17287092040004537,0.4686192468619247,4.095345858212797,48,True,"mom5@q0.6,hold_q=0.4,buy_top=10,hold_top=20,rebalance=5d,min_hold=10d,turnover_penalty=0.01,target_vol=0.18",legacy_momentum_low_turnover_v1,legacy_momentum_low_turnover_v1,Legacy Momentum Low Turnover,rule_based,portfolio,True,True,240,239,9.979166666666666,9.97907949790795,48,2023-05-15,"['SZ.002466', 'SZ.002709', 'SZ.300014', 'SZ.002460', 'SH.600522']",point_in_time,2023-05-12,120,5123,local_history_sqlite_as_of,"legacy_momentum: score=-1.1308, selection_score=-1000000.0000, eligible=False, ann=-0.1295, sharpe=-0.9713, mdd=-0.1895; legacy_momentum_low_turnover_v1: score=0.5780, selection_score=-1000000.0000, eligible=False, ann=0.1147, sharpe=0.5808, mdd=-0.1203; ma_kline_baseline_v1: score=-4.9502, selection_score=-1000000.0000, eligible=False, ann=-0.4930, sharpe=-4.4614, mdd=-0.4846; residual_momentum_reversal_v1: score=-3.4788, selection_score=-1000000.0000, eligible=False, ann=-0.3293, sharpe=-3.1514, mdd=-0.3256; residual_momentum_reversal_v2: score=-4.5682, selection_score=-1000000.0000, eligible=False, ann=-0.4558, sharpe=-4.1086, mdd=-0.4635; quality_growth_price_v1: score=-0.5368, selection_score=-1000000.0000, eligible=False, ann=-0.0319, sharpe=-0.4412, mdd=-0.1594; low_vol_low_turnover_quality_v1: score=1.0581, selection_score=-1000000.0000, eligible=False, ann=0.1203, sharpe=1.0513, mdd=-0.1067; quality_low_turnover_monthly_v1: score=1.0304, selection_score=-1000000.0000, eligible=False, ann=0.1211, sharpe=1.0290, mdd=-0.1183; multifactor_volume_price_filter_v1: score=-1.6503, selection_score=-1000000.0000, eligible=False, ann=-0.1728, sharpe=-1.4584, mdd=-0.2110; core_selection_quality_momentum_v1: score=-0.3078, selection_score=-1000000.0000, eligible=False, ann=-0.0015, sharpe=-0.2337, mdd=-0.1467; theme_exposure_momentum_v1: score=-0.5570, selection_score=-1000000.0000, eligible=False, ann=-0.0407, sharpe=-0.4893, mdd=-0.0946",low_vol_low_turnover_quality_v1,False,False,portfolio_fold_count<4,,,,,,,,,,,,,,,,,,,,,,,quality_4y_1y,4,1,,,,3,,ok,
PORTFOLIO,2,2020-05-13,2024-05-10,2024-05-13,2025-05-12,-0.04856313576468907,-0.31023065067515065,-0.13802289122871148,0.4605809128630705,2.2924588853021515,13,True,"mom20@q0.6,hold_q=0.4,buy_top=5,hold_top=10,rebalance=20d,min_hold=5d,turnover_penalty=0.01,target_vol=0.18",legacy_momentum_low_turnover_v1,legacy_momentum_low_turnover_v1,Legacy Momentum Low Turnover,rule_based,portfolio,True,True,242,241,5.0,5.0,13,2024-05-13,"['SH.601919', 'SH.603986', 'SZ.300502', 'SH.600690', 'SH.601601']",point_in_time,2024-05-10,120,5353,local_history_sqlite_as_of,"legacy_momentum: score=-1.1308, selection_score=-1000000.0000, eligible=False, ann=-0.1295, sharpe=-0.9713, mdd=-0.1895; legacy_momentum_low_turnover_v1: score=0.5780, selection_score=-1000000.0000, eligible=False, ann=0.1147, sharpe=0.5808, mdd=-0.1203; ma_kline_baseline_v1: score=-4.9502, selection_score=-1000000.0000, eligible=False, ann=-0.4930, sharpe=-4.4614, mdd=-0.4846; residual_momentum_reversal_v1: score=-3.4788, selection_score=-1000000.0000, eligible=False, ann=-0.3293, sharpe=-3.1514, mdd=-0.3256; residual_momentum_reversal_v2: score=-4.5682, selection_score=-1000000.0000, eligible=False, ann=-0.4558, sharpe=-4.1086, mdd=-0.4635; quality_growth_price_v1: score=-0.5368, selection_score=-1000000.0000, eligible=False, ann=-0.0319, sharpe=-0.4412, mdd=-0.1594; low_vol_low_turnover_quality_v1: score=1.0581, selection_score=-1000000.0000, eligible=False, ann=0.1203, sharpe=1.0513, mdd=-0.1067; quality_low_turnover_monthly_v1: score=1.0304, selection_score=-1000000.0000, eligible=False, ann=0.1211, sharpe=1.0290, mdd=-0.1183; multifactor_volume_price_filter_v1: score=-1.6503, selection_score=-1000000.0000, eligible=False, ann=-0.1728, sharpe=-1.4584, mdd=-0.2110; core_selection_quality_momentum_v1: score=-0.3078, selection_score=-1000000.0000, eligible=False, ann=-0.0015, sharpe=-0.2337, mdd=-0.1467; theme_exposure_momentum_v1: score=-0.5570, selection_score=-1000000.0000, eligible=False, ann=-0.0407, sharpe=-0.4893, mdd=-0.0946",low_vol_low_turnover_quality_v1,False,False,portfolio_fold_count<4,,,,,,,,,,,,,,,,,,,,,,,quality_4y_1y,4,1,,,,3,,ok,
PORTFOLIO,3,2021-05-13,2025-05-12,2025-05-13,2026-05-12,0.48267760177929975,2.9690247232745968,-0.05011529686840199,0.5145228215767634,1.2705499525759716,13,True,"mom20@q0.6,hold_q=0.4,buy_top=5,hold_top=10,rebalance=20d,min_hold=5d,turnover_penalty=0.01,target_vol=0.18",legacy_momentum_low_turnover_v1,legacy_momentum_low_turnover_v1,Legacy Momentum Low Turnover,rule_based,portfolio,True,True,242,241,5.0,5.0,13,2025-05-13,"['SZ.300502', 'SZ.002261', 'SZ.000158', 'SZ.300308', 'SZ.300750']",point_in_time,2025-05-12,120,5399,local_history_sqlite_as_of,"legacy_momentum: score=-1.1308, selection_score=-1000000.0000, eligible=False, ann=-0.1295, sharpe=-0.9713, mdd=-0.1895; legacy_momentum_low_turnover_v1: score=0.5780, selection_score=-1000000.0000, eligible=False, ann=0.1147, sharpe=0.5808, mdd=-0.1203; ma_kline_baseline_v1: score=-4.9502, selection_score=-1000000.0000, eligible=False, ann=-0.4930, sharpe=-4.4614, mdd=-0.4846; residual_momentum_reversal_v1: score=-3.4788, selection_score=-1000000.0000, eligible=False, ann=-0.3293, sharpe=-3.1514, mdd=-0.3256; residual_momentum_reversal_v2: score=-4.5682, selection_score=-1000000.0000, eligible=False, ann=-0.4558, sharpe=-4.1086, mdd=-0.4635; quality_growth_price_v1: score=-0.5368, selection_score=-1000000.0000, eligible=False, ann=-0.0319, sharpe=-0.4412, mdd=-0.1594; low_vol_low_turnover_quality_v1: score=1.0581, selection_score=-1000000.0000, eligible=False, ann=0.1203, sharpe=1.0513, mdd=-0.1067; quality_low_turnover_monthly_v1: score=1.0304, selection_score=-1000000.0000, eligible=False, ann=0.1211, sharpe=1.0290, mdd=-0.1183; multifactor_volume_price_filter_v1: score=-1.6503, selection_score=-1000000.0000, eligible=False, ann=-0.1728, sharpe=-1.4584, mdd=-0.2110; core_selection_quality_momentum_v1: score=-0.3078, selection_score=-1000000.0000, eligible=False, ann=-0.0015, sharpe=-0.2337, mdd=-0.1467; theme_exposure_momentum_v1: score=-0.5570, selection_score=-1000000.0000, eligible=False, ann=-0.0407, sharpe=-0.4893, mdd=-0.0946",low_vol_low_turnover_quality_v1,False,False,portfolio_fold_count<4,,,,,,,,,,,,,,,,,,,,,,,quality_4y_1y,4,1,,,,3,,ok,
PORTFOLIO,1,2019-08-06,2023-05-12,2023-05-15,2024-05-10,-0.4799540313604099,-4.779317037636886,-0.4693338950446875,0.3303964757709251,35.68894196649788,233,True,"ma20>ma60,amount>=1.0,upper_shadow<=1.5,vol@q0.6,target_vol=0.18,top_n=5",ma_kline_baseline_v1,ma_kline_baseline_v1,MA/K-line Baseline,rule_based,portfolio,True,True,228,227,4.026315789473684,4.022026431718062,234,2023-05-15,"['SH.601398', 'SZ.300750', 'SH.600188', 'SH.601688', 'SH.601985']",point_in_time,2023-05-12,120,5123,local_history_sqlite_as_of,"legacy_momentum: score=-1.1308, selection_score=-1000000.0000, eligible=False, ann=-0.1295, sharpe=-0.9713, mdd=-0.1895; legacy_momentum_low_turnover_v1: score=0.5780, selection_score=-1000000.0000, eligible=False, ann=0.1147, sharpe=0.5808, mdd=-0.1203; ma_kline_baseline_v1: score=-4.9502, selection_score=-1000000.0000, eligible=False, ann=-0.4930, sharpe=-4.4614, mdd=-0.4846; residual_momentum_reversal_v1: score=-3.4788, selection_score=-1000000.0000, eligible=False, ann=-0.3293, sharpe=-3.1514, mdd=-0.3256; residual_momentum_reversal_v2: score=-4.5682, selection_score=-1000000.0000, eligible=False, ann=-0.4558, sharpe=-4.1086, mdd=-0.4635; quality_growth_price_v1: score=-0.5368, selection_score=-1000000.0000, eligible=False, ann=-0.0319, sharpe=-0.4412, mdd=-0.1594; low_vol_low_turnover_quality_v1: score=1.0581, selection_score=-1000000.0000, eligible=False, ann=0.1203, sharpe=1.0513, mdd=-0.1067; quality_low_turnover_monthly_v1: score=1.0304, selection_score=-1000000.0000, eligible=False, ann=0.1211, sharpe=1.0290, mdd=-0.1183; multifactor_volume_price_filter_v1: score=-1.6503, selection_score=-1000000.0000, eligible=False, ann=-0.1728, sharpe=-1.4584, mdd=-0.2110; core_selection_quality_momentum_v1: score=-0.3078, selection_score=-1000000.0000, eligible=False, ann=-0.0015, sharpe=-0.2337, mdd=-0.1467; theme_exposure_momentum_v1: score=-0.5570, selection_score=-1000000.0000, eligible=False, ann=-0.0407, sharpe=-0.4893, mdd=-0.0946",low_vol_low_turnover_quality_v1,False,False,portfolio_fold_count<4,,,,,,,,,,,,,,,,,,,,,,,quality_4y_1y,4,1,,,,3,,ok,
PORTFOLIO,2,2020-05-13,2024-05-10,2024-05-13,2025-05-12,-0.5733472735978126,-5.007274700152139,-0.558679493904606,0.35267857142857145,43.22627878785885,235,True,"ma20>ma60,amount>=1.0,upper_shadow<=1.5,vol@q0.75,target_vol=0.18,top_n=3",ma_kline_baseline_v1,ma_kline_baseline_v1,MA/K-line Baseline,rule_based,portfolio,True,True,225,224,2.8133333333333335,2.8125,235,2024-05-13,"['SH.601919', 'SH.600690', 'SH.600036']",point_in_time,2024-05-10,120,5353,local_history_sqlite_as_of,"legacy_momentum: score=-1.1308, selection_score=-1000000.0000, eligible=False, ann=-0.1295, sharpe=-0.9713, mdd=-0.1895; legacy_momentum_low_turnover_v1: score=0.5780, selection_score=-1000000.0000, eligible=False, ann=0.1147, sharpe=0.5808, mdd=-0.1203; ma_kline_baseline_v1: score=-4.9502, selection_score=-1000000.0000, eligible=False, ann=-0.4930, sharpe=-4.4614, mdd=-0.4846; residual_momentum_reversal_v1: score=-3.4788, selection_score=-1000000.0000, eligible=False, ann=-0.3293, sharpe=-3.1514, mdd=-0.3256; residual_momentum_reversal_v2: score=-4.5682, selection_score=-1000000.0000, eligible=False, ann=-0.4558, sharpe=-4.1086, mdd=-0.4635; quality_growth_price_v1: score=-0.5368, selection_score=-1000000.0000, eligible=False, ann=-0.0319, sharpe=-0.4412, mdd=-0.1594; low_vol_low_turnover_quality_v1: score=1.0581, selection_score=-1000000.0000, eligible=False, ann=0.1203, sharpe=1.0513, mdd=-0.1067; quality_low_turnover_monthly_v1: score=1.0304, selection_score=-1000000.0000, eligible=False, ann=0.1211, sharpe=1.0290, mdd=-0.1183; multifactor_volume_price_filter_v1: score=-1.6503, selection_score=-1000000.0000, eligible=False, ann=-0.1728, sharpe=-1.4584, mdd=-0.2110; core_selection_quality_momentum_v1: score=-0.3078, selection_score=-1000000.0000, eligible=False, ann=-0.0015, sharpe=-0.2337, mdd=-0.1467; theme_exposure_momentum_v1: score=-0.5570, selection_score=-1000000.0000, eligible=False, ann=-0.0407, sharpe=-0.4893, mdd=-0.0946",low_vol_low_turnover_quality_v1,False,False,portfolio_fold_count<4,,,,,,,,,,,,,,,,,,,,,,,quality_4y_1y,4,1,,,,3,,ok,
PORTFOLIO,3,2021-05-13,2025-05-12,2025-05-13,2026-05-12,-0.4257032580372232,-3.5975526981874815,-0.4257947841957195,0.3619047619047619,51.16676749184042,231,True,"ma20>ma60,amount>=1.2,upper_shadow<=1.5,vol@q0.6,target_vol=0.18,top_n=3",ma_kline_baseline_v1,ma_kline_baseline_v1,MA/K-line Baseline,rule_based,portfolio,True,True,211,210,2.4454976303317535,2.442857142857143,231,2025-05-13,"['SH.601919', 'SH.601668', 'SH.601166']",point_in_time,2025-05-12,120,5399,local_history_sqlite_as_of,"legacy_momentum: score=-1.1308, selection_score=-1000000.0000, eligible=False, ann=-0.1295, sharpe=-0.9713, mdd=-0.1895; legacy_momentum_low_turnover_v1: score=0.5780, selection_score=-1000000.0000, eligible=False, ann=0.1147, sharpe=0.5808, mdd=-0.1203; ma_kline_baseline_v1: score=-4.9502, selection_score=-1000000.0000, eligible=False, ann=-0.4930, sharpe=-4.4614, mdd=-0.4846; residual_momentum_reversal_v1: score=-3.4788, selection_score=-1000000.0000, eligible=False, ann=-0.3293, sharpe=-3.1514, mdd=-0.3256; residual_momentum_reversal_v2: score=-4.5682, selection_score=-1000000.0000, eligible=False, ann=-0.4558, sharpe=-4.1086, mdd=-0.4635; quality_growth_price_v1: score=-0.5368, selection_score=-1000000.0000, eligible=False, ann=-0.0319, sharpe=-0.4412, mdd=-0.1594; low_vol_low_turnover_quality_v1: score=1.0581, selection_score=-1000000.0000, eligible=False, ann=0.1203, sharpe=1.0513, mdd=-0.1067; quality_low_turnover_monthly_v1: score=1.0304, selection_score=-1000000.0000, eligible=False, ann=0.1211, sharpe=1.0290, mdd=-0.1183; multifactor_volume_price_filter_v1: score=-1.6503, selection_score=-1000000.0000, eligible=False, ann=-0.1728, sharpe=-1.4584, mdd=-0.2110; core_selection_quality_momentum_v1: score=-0.3078, selection_score=-1000000.0000, eligible=False, ann=-0.0015, sharpe=-0.2337, mdd=-0.1467; theme_exposure_momentum_v1: score=-0.5570, selection_score=-1000000.0000, eligible=False, ann=-0.0407, sharpe=-0.4893, mdd=-0.0946",low_vol_low_turnover_quality_v1,False,False,portfolio_fold_count<4,,,,,,,,,,,,,,,,,,,,,,,quality_4y_1y,4,1,,,,3,,ok,
PORTFOLIO,1,2019-08-06,2023-05-12,2023-05-15,2024-05-10,-0.3549578699589814,-3.5463426677974104,-0.3510616901516097,0.3598326359832636,37.99668147768364,239,True,"resid_mom20@q0.6,reversal_mom3<=q0.7,ma20,vol@q0.75,target_vol=0.18,top_n=3,xmarket_overlay=True",residual_momentum_reversal_v1,residual_momentum_reversal_v1,Residual Momentum Reversal V1,factor,portfolio,True,True,240,239,2.995833333333333,2.99581589958159,239,2023-05-15,"['SH.601088', 'SH.601288', 'SH.600089']",point_in_time,2023-05-12,120,5123,local_history_sqlite_as_of,"legacy_momentum: score=-1.1308, selection_score=-1000000.0000, eligible=False, ann=-0.1295, sharpe=-0.9713, mdd=-0.1895; legacy_momentum_low_turnover_v1: score=0.5780, selection_score=-1000000.0000, eligible=False, ann=0.1147, sharpe=0.5808, mdd=-0.1203; ma_kline_baseline_v1: score=-4.9502, selection_score=-1000000.0000, eligible=False, ann=-0.4930, sharpe=-4.4614, mdd=-0.4846; residual_momentum_reversal_v1: score=-3.4788, selection_score=-1000000.0000, eligible=False, ann=-0.3293, sharpe=-3.1514, mdd=-0.3256; residual_momentum_reversal_v2: score=-4.5682, selection_score=-1000000.0000, eligible=False, ann=-0.4558, sharpe=-4.1086, mdd=-0.4635; quality_growth_price_v1: score=-0.5368, selection_score=-1000000.0000, eligible=False, ann=-0.0319, sharpe=-0.4412, mdd=-0.1594; low_vol_low_turnover_quality_v1: score=1.0581, selection_score=-1000000.0000, eligible=False, ann=0.1203, sharpe=1.0513, mdd=-0.1067; quality_low_turnover_monthly_v1: score=1.0304, selection_score=-1000000.0000, eligible=False, ann=0.1211, sharpe=1.0290, mdd=-0.1183; multifactor_volume_price_filter_v1: score=-1.6503, selection_score=-1000000.0000, eligible=False, ann=-0.1728, sharpe=-1.4584, mdd=-0.2110; core_selection_quality_momentum_v1: score=-0.3078, selection_score=-1000000.0000, eligible=False, ann=-0.0015, sharpe=-0.2337, mdd=-0.1467; theme_exposure_momentum_v1: score=-0.5570, selection_score=-1000000.0000, eligible=False, ann=-0.0407, sharpe=-0.4893, mdd=-0.0946",low_vol_low_turnover_quality_v1,False,False,portfolio_fold_count<4,,,,,,,,,,,,,,,,,,,,,,,quality_4y_1y,4,1,,,,3,,ok,
PORTFOLIO,2,2020-05-13,2024-05-10,2024-05-13,2025-05-12,-0.424194717071781,-4.204744632402182,-0.41642952142358525,0.3811659192825112,33.72095986174594,225,True,"resid_mom10@q0.6,reversal_mom3<=q0.7,ma60,vol@q0.75,target_vol=0.18,top_n=3,xmarket_overlay=True",residual_momentum_reversal_v1,residual_momentum_reversal_v1,Residual Momentum Reversal V1,factor,portfolio,True,True,224,223,2.9642857142857144,2.9641255605381165,225,2024-05-13,"['SZ.300750', 'SH.603501', 'SZ.300274']",point_in_time,2024-05-10,120,5353,local_history_sqlite_as_of,"legacy_momentum: score=-1.1308, selection_score=-1000000.0000, eligible=False, ann=-0.1295, sharpe=-0.9713, mdd=-0.1895; legacy_momentum_low_turnover_v1: score=0.5780, selection_score=-1000000.0000, eligible=False, ann=0.1147, sharpe=0.5808, mdd=-0.1203; ma_kline_baseline_v1: score=-4.9502, selection_score=-1000000.0000, eligible=False, ann=-0.4930, sharpe=-4.4614, mdd=-0.4846; residual_momentum_reversal_v1: score=-3.4788, selection_score=-1000000.0000, eligible=False, ann=-0.3293, sharpe=-3.1514, mdd=-0.3256; residual_momentum_reversal_v2: score=-4.5682, selection_score=-1000000.0000, eligible=False, ann=-0.4558, sharpe=-4.1086, mdd=-0.4635; quality_growth_price_v1: score=-0.5368, selection_score=-1000000.0000, eligible=False, ann=-0.0319, sharpe=-0.4412, mdd=-0.1594; low_vol_low_turnover_quality_v1: score=1.0581, selection_score=-1000000.0000, eligible=False, ann=0.1203, sharpe=1.0513, mdd=-0.1067; quality_low_turnover_monthly_v1: score=1.0304, selection_score=-1000000.0000, eligible=False, ann=0.1211, sharpe=1.0290, mdd=-0.1183; multifactor_volume_price_filter_v1: score=-1.6503, selection_score=-1000000.0000, eligible=False, ann=-0.1728, sharpe=-1.4584, mdd=-0.2110; core_selection_quality_momentum_v1: score=-0.3078, selection_score=-1000000.0000, eligible=False, ann=-0.0015, sharpe=-0.2337, mdd=-0.1467; theme_exposure_momentum_v1: score=-0.5570, selection_score=-1000000.0000, eligible=False, ann=-0.0407, sharpe=-0.4893, mdd=-0.0946",low_vol_low_turnover_quality_v1,False,False,portfolio_fold_count<4,,,,,,,,,,,,,,,,,,,,,,,quality_4y_1y,4,1,,,,3,,ok,
PORTFOLIO,3,2021-05-13,2025-05-12,2025-05-13,2026-05-12,-0.20889368708756006,-1.7029959548601112,-0.20933813473728324,0.4166666666666667,27.94940010720563,241,True,"resid_mom20@q0.6,reversal_mom3<=q0.7,ma60,vol@q0.75,target_vol=0.18,top_n=3,xmarket_overlay=True",residual_momentum_reversal_v1,residual_momentum_reversal_v1,Residual Momentum Reversal V1,factor,portfolio,True,True,241,240,2.9502074688796682,2.95,241,2025-05-13,"['SH.603986', 'SZ.000988', 'SH.600580']",point_in_time,2025-05-12,120,5399,local_history_sqlite_as_of,"legacy_momentum: score=-1.1308, selection_score=-1000000.0000, eligible=False, ann=-0.1295, sharpe=-0.9713, mdd=-0.1895; legacy_momentum_low_turnover_v1: score=0.5780, selection_score=-1000000.0000, eligible=False, ann=0.1147, sharpe=0.5808, mdd=-0.1203; ma_kline_baseline_v1: score=-4.9502, selection_score=-1000000.0000, eligible=False, ann=-0.4930, sharpe=-4.4614, mdd=-0.4846; residual_momentum_reversal_v1: score=-3.4788, selection_score=-1000000.0000, eligible=False, ann=-0.3293, sharpe=-3.1514, mdd=-0.3256; residual_momentum_reversal_v2: score=-4.5682, selection_score=-1000000.0000, eligible=False, ann=-0.4558, sharpe=-4.1086, mdd=-0.4635; quality_growth_price_v1: score=-0.5368, selection_score=-1000000.0000, eligible=False, ann=-0.0319, sharpe=-0.4412, mdd=-0.1594; low_vol_low_turnover_quality_v1: score=1.0581, selection_score=-1000000.0000, eligible=False, ann=0.1203, sharpe=1.0513, mdd=-0.1067; quality_low_turnover_monthly_v1: score=1.0304, selection_score=-1000000.0000, eligible=False, ann=0.1211, sharpe=1.0290, mdd=-0.1183; multifactor_volume_price_filter_v1: score=-1.6503, selection_score=-1000000.0000, eligible=False, ann=-0.1728, sharpe=-1.4584, mdd=-0.2110; core_selection_quality_momentum_v1: score=-0.3078, selection_score=-1000000.0000, eligible=False, ann=-0.0015, sharpe=-0.2337, mdd=-0.1467; theme_exposure_momentum_v1: score=-0.5570, selection_score=-1000000.0000, eligible=False, ann=-0.0407, sharpe=-0.4893, mdd=-0.0946",low_vol_low_turnover_quality_v1,False,False,portfolio_fold_count<4,,,,,,,,,,,,,,,,,,,,,,,quality_4y_1y,4,1,,,,3,,ok,
PORTFOLIO,1,2019-08-06,2023-05-12,2023-05-15,2024-05-10,-0.5200223017906496,-4.847136148806503,-0.502948935451853,0.34418604651162793,46.7086691991796,229,True,"resid_mom20@q0.6,reversal_mom3<=q0.7,ma20,vol@q0.6,amt>=1.0,upper_shadow<=1.5,gap<=0.03,target_vol=0.18,top_n=3,xmarket_overlay=False",residual_momentum_reversal_v2,residual_momentum_reversal_v2,Residual Momentum Reversal V2,factor,portfolio,True,True,216,215,2.5462962962962963,2.5441860465116277,229,2023-05-15,"['SH.601398', 'SH.601985', 'SH.601688']",point_in_time,2023-05-12,120,5123,local_history_sqlite_as_of,"legacy_momentum: score=-1.1308, selection_score=-1000000.0000, eligible=False, ann=-0.1295, sharpe=-0.9713, mdd=-0.1895; legacy_momentum_low_turnover_v1: score=0.5780, selection_score=-1000000.0000, eligible=False, ann=0.1147, sharpe=0.5808, mdd=-0.1203; ma_kline_baseline_v1: score=-4.9502, selection_score=-1000000.0000, eligible=False, ann=-0.4930, sharpe=-4.4614, mdd=-0.4846; residual_momentum_reversal_v1: score=-3.4788, selection_score=-1000000.0000, eligible=False, ann=-0.3293, sharpe=-3.1514, mdd=-0.3256; residual_momentum_reversal_v2: score=-4.5682, selection_score=-1000000.0000, eligible=False, ann=-0.4558, sharpe=-4.1086, mdd=-0.4635; quality_growth_price_v1: score=-0.5368, selection_score=-1000000.0000, eligible=False, ann=-0.0319, sharpe=-0.4412, mdd=-0.1594; low_vol_low_turnover_quality_v1: score=1.0581, selection_score=-1000000.0000, eligible=False, ann=0.1203, sharpe=1.0513, mdd=-0.1067; quality_low_turnover_monthly_v1: score=1.0304, selection_score=-1000000.0000, eligible=False, ann=0.1211, sharpe=1.0290, mdd=-0.1183; multifactor_volume_price_filter_v1: score=-1.6503, selection_score=-1000000.0000, eligible=False, ann=-0.1728, sharpe=-1.4584, mdd=-0.2110; core_selection_quality_momentum_v1: score=-0.3078, selection_score=-1000000.0000, eligible=False, ann=-0.0015, sharpe=-0.2337, mdd=-0.1467; theme_exposure_momentum_v1: score=-0.5570, selection_score=-1000000.0000, eligible=False, ann=-0.0407, sharpe=-0.4893, mdd=-0.0946",low_vol_low_turnover_quality_v1,False,False,portfolio_fold_count<4,,,,,,,,,,,,,,,,,,,,,,,quality_4y_1y,4,1,,,,3,,ok,
PORTFOLIO,2,2020-05-13,2024-05-10,2024-05-13,2025-05-12,-0.44756154428767714,-3.9791852736677593,-0.457169097670022,0.37777777777777777,71.40782641325553,173,True,"resid_mom5@q0.6,reversal_mom3<=q0.7,ma20,vol@q0.6,amt>=1.2,upper_shadow<=1.5,gap<=0.03,target_vol=0.18,top_n=3,xmarket_overlay=False",residual_momentum_reversal_v2,residual_momentum_reversal_v2,Residual Momentum Reversal V2,factor,portfolio,True,True,136,135,2.139705882352941,2.1333333333333333,173,2024-05-13,['SZ.002714'],point_in_time,2024-05-10,120,5353,local_history_sqlite_as_of,"legacy_momentum: score=-1.1308, selection_score=-1000000.0000, eligible=False, ann=-0.1295, sharpe=-0.9713, mdd=-0.1895; legacy_momentum_low_turnover_v1: score=0.5780, selection_score=-1000000.0000, eligible=False, ann=0.1147, sharpe=0.5808, mdd=-0.1203; ma_kline_baseline_v1: score=-4.9502, selection_score=-1000000.0000, eligible=False, ann=-0.4930, sharpe=-4.4614, mdd=-0.4846; residual_momentum_reversal_v1: score=-3.4788, selection_score=-1000000.0000, eligible=False, ann=-0.3293, sharpe=-3.1514, mdd=-0.3256; residual_momentum_reversal_v2: score=-4.5682, selection_score=-1000000.0000, eligible=False, ann=-0.4558, sharpe=-4.1086, mdd=-0.4635; quality_growth_price_v1: score=-0.5368, selection_score=-1000000.0000, eligible=False, ann=-0.0319, sharpe=-0.4412, mdd=-0.1594; low_vol_low_turnover_quality_v1: score=1.0581, selection_score=-1000000.0000, eligible=False, ann=0.1203, sharpe=1.0513, mdd=-0.1067; quality_low_turnover_monthly_v1: score=1.0304, selection_score=-1000000.0000, eligible=False, ann=0.1211, sharpe=1.0290, mdd=-0.1183; multifactor_volume_price_filter_v1: score=-1.6503, selection_score=-1000000.0000, eligible=False, ann=-0.1728, sharpe=-1.4584, mdd=-0.2110; core_selection_quality_momentum_v1: score=-0.3078, selection_score=-1000000.0000, eligible=False, ann=-0.0015, sharpe=-0.2337, mdd=-0.1467; theme_exposure_momentum_v1: score=-0.5570, selection_score=-1000000.0000, eligible=False, ann=-0.0407, sharpe=-0.4893, mdd=-0.0946",low_vol_low_turnover_quality_v1,False,False,portfolio_fold_count<4,,,,,,,,,,,,,,,,,,,,,,,quality_4y_1y,4,1,,,,3,,ok,
PORTFOLIO,3,2021-05-13,2025-05-12,2025-05-13,2026-05-12,-0.3998435024863688,-3.4993609318119483,-0.43048268670104295,0.3357142857142857,68.99799136586046,180,True,"resid_mom20@q0.6,reversal_mom3<=q0.7,ma20,vol@q0.6,amt>=1.2,upper_shadow<=1.5,gap<=0.03,target_vol=0.18,top_n=3,xmarket_overlay=False",residual_momentum_reversal_v2,residual_momentum_reversal_v2,Residual Momentum Reversal V2,factor,portfolio,True,True,141,140,1.8085106382978724,1.8,182,2025-05-13,['SZ.300339'],point_in_time,2025-05-12,120,5399,local_history_sqlite_as_of,"legacy_momentum: score=-1.1308, selection_score=-1000000.0000, eligible=False, ann=-0.1295, sharpe=-0.9713, mdd=-0.1895; legacy_momentum_low_turnover_v1: score=0.5780, selection_score=-1000000.0000, eligible=False, ann=0.1147, sharpe=0.5808, mdd=-0.1203; ma_kline_baseline_v1: score=-4.9502, selection_score=-1000000.0000, eligible=False, ann=-0.4930, sharpe=-4.4614, mdd=-0.4846; residual_momentum_reversal_v1: score=-3.4788, selection_score=-1000000.0000, eligible=False, ann=-0.3293, sharpe=-3.1514, mdd=-0.3256; residual_momentum_reversal_v2: score=-4.5682, selection_score=-1000000.0000, eligible=False, ann=-0.4558, sharpe=-4.1086, mdd=-0.4635; quality_growth_price_v1: score=-0.5368, selection_score=-1000000.0000, eligible=False, ann=-0.0319, sharpe=-0.4412, mdd=-0.1594; low_vol_low_turnover_quality_v1: score=1.0581, selection_score=-1000000.0000, eligible=False, ann=0.1203, sharpe=1.0513, mdd=-0.1067; quality_low_turnover_monthly_v1: score=1.0304, selection_score=-1000000.0000, eligible=False, ann=0.1211, sharpe=1.0290, mdd=-0.1183; multifactor_volume_price_filter_v1: score=-1.6503, selection_score=-1000000.0000, eligible=False, ann=-0.1728, sharpe=-1.4584, mdd=-0.2110; core_selection_quality_momentum_v1: score=-0.3078, selection_score=-1000000.0000, eligible=False, ann=-0.0015, sharpe=-0.2337, mdd=-0.1467; theme_exposure_momentum_v1: score=-0.5570, selection_score=-1000000.0000, eligible=False, ann=-0.0407, sharpe=-0.4893, mdd=-0.0946",low_vol_low_turnover_quality_v1,False,False,portfolio_fold_count<4,,,,,,,,,,,,,,,,,,,,,,,quality_4y_1y,4,1,,,,3,,ok,
PORTFOLIO,1,2019-08-06,2023-05-12,2023-05-15,2024-05-10,-0.1614167634951017,-1.5257933855152028,-0.1946482358485513,0.3598326359832636,33.09457309762026,239,True,"quality_growth@q0.7,ma60,vol@q0.6,target_vol=0.18,top_n=5,xmarket_overlay=True",quality_growth_price_v1,quality_growth_price_v1,Quality Growth Price,factor,portfolio,True,True,240,239,4.895833333333333,4.895397489539749,239,2023-05-15,"['SH.600089', 'SZ.300750', 'SZ.002594', 'SH.601225', 'SH.600919']",point_in_time,2023-05-12,120,5123,local_history_sqlite_as_of,"legacy_momentum: score=-1.1308, selection_score=-1000000.0000, eligible=False, ann=-0.1295, sharpe=-0.9713, mdd=-0.1895; legacy_momentum_low_turnover_v1: score=0.5780, selection_score=-1000000.0000, eligible=False, ann=0.1147, sharpe=0.5808, mdd=-0.1203; ma_kline_baseline_v1: score=-4.9502, selection_score=-1000000.0000, eligible=False, ann=-0.4930, sharpe=-4.4614, mdd=-0.4846; residual_momentum_reversal_v1: score=-3.4788, selection_score=-1000000.0000, eligible=False, ann=-0.3293, sharpe=-3.1514, mdd=-0.3256; residual_momentum_reversal_v2: score=-4.5682, selection_score=-1000000.0000, eligible=False, ann=-0.4558, sharpe=-4.1086, mdd=-0.4635; quality_growth_price_v1: score=-0.5368, selection_score=-1000000.0000, eligible=False, ann=-0.0319, sharpe=-0.4412, mdd=-0.1594; low_vol_low_turnover_quality_v1: score=1.0581, selection_score=-1000000.0000, eligible=False, ann=0.1203, sharpe=1.0513, mdd=-0.1067; quality_low_turnover_monthly_v1: score=1.0304, selection_score=-1000000.0000, eligible=False, ann=0.1211, sharpe=1.0290, mdd=-0.1183; multifactor_volume_price_filter_v1: score=-1.6503, selection_score=-1000000.0000, eligible=False, ann=-0.1728, sharpe=-1.4584, mdd=-0.2110; core_selection_quality_momentum_v1: score=-0.3078, selection_score=-1000000.0000, eligible=False, ann=-0.0015, sharpe=-0.2337, mdd=-0.1467; theme_exposure_momentum_v1: score=-0.5570, selection_score=-1000000.0000, eligible=False, ann=-0.0407, sharpe=-0.4893, mdd=-0.0946",low_vol_low_turnover_quality_v1,False,False,portfolio_fold_count<4,,,,,,,,,,,,,,,,,,,,,,,quality_4y_1y,4,1,,,,3,,ok,
PORTFOLIO,2,2020-05-13,2024-05-10,2024-05-13,2025-05-12,-0.1701458721246326,-1.5456123537681812,-0.17276779248902363,0.3900414937759336,25.907007353799575,241,True,"quality_growth@q0.7,ma60,vol@q0.75,target_vol=0.18,top_n=10,xmarket_overlay=True",quality_growth_price_v1,quality_growth_price_v1,Quality Growth Price,factor,portfolio,True,True,242,241,8.326446280991735,8.319502074688797,241,2024-05-13,"['SZ.002463', 'SH.600809', 'SZ.300760', 'SH.600938', 'SZ.000568']",point_in_time,2024-05-10,120,5353,local_history_sqlite_as_of,"legacy_momentum: score=-1.1308, selection_score=-1000000.0000, eligible=False, ann=-0.1295, sharpe=-0.9713, mdd=-0.1895; legacy_momentum_low_turnover_v1: score=0.5780, selection_score=-1000000.0000, eligible=False, ann=0.1147, sharpe=0.5808, mdd=-0.1203; ma_kline_baseline_v1: score=-4.9502, selection_score=-1000000.0000, eligible=False, ann=-0.4930, sharpe=-4.4614, mdd=-0.4846; residual_momentum_reversal_v1: score=-3.4788, selection_score=-1000000.0000, eligible=False, ann=-0.3293, sharpe=-3.1514, mdd=-0.3256; residual_momentum_reversal_v2: score=-4.5682, selection_score=-1000000.0000, eligible=False, ann=-0.4558, sharpe=-4.1086, mdd=-0.4635; quality_growth_price_v1: score=-0.5368, selection_score=-1000000.0000, eligible=False, ann=-0.0319, sharpe=-0.4412, mdd=-0.1594; low_vol_low_turnover_quality_v1: score=1.0581, selection_score=-1000000.0000, eligible=False, ann=0.1203, sharpe=1.0513, mdd=-0.1067; quality_low_turnover_monthly_v1: score=1.0304, selection_score=-1000000.0000, eligible=False, ann=0.1211, sharpe=1.0290, mdd=-0.1183; multifactor_volume_price_filter_v1: score=-1.6503, selection_score=-1000000.0000, eligible=False, ann=-0.1728, sharpe=-1.4584, mdd=-0.2110; core_selection_quality_momentum_v1: score=-0.3078, selection_score=-1000000.0000, eligible=False, ann=-0.0015, sharpe=-0.2337, mdd=-0.1467; theme_exposure_momentum_v1: score=-0.5570, selection_score=-1000000.0000, eligible=False, ann=-0.0407, sharpe=-0.4893, mdd=-0.0946",low_vol_low_turnover_quality_v1,False,False,portfolio_fold_count<4,,,,,,,,,,,,,,,,,,,,,,,quality_4y_1y,4,1,,,,3,,ok,
PORTFOLIO,3,2021-05-13,2025-05-12,2025-05-13,2026-05-12,0.2357647404857115,1.7479244679423949,-0.11068181822915935,0.5527426160337553,24.109174072869813,239,True,"quality_growth@q0.7,ma60,vol@q0.6,target_vol=0.18,top_n=5,xmarket_overlay=True",quality_growth_price_v1,quality_growth_price_v1,Quality Growth Price,factor,portfolio,True,True,238,237,4.285714285714286,4.282700421940929,239,2025-05-13,"['SZ.002714', 'SH.688008', 'SH.601919', 'SH.601899', 'SH.600519']",point_in_time,2025-05-12,120,5399,local_history_sqlite_as_of,"legacy_momentum: score=-1.1308, selection_score=-1000000.0000, eligible=False, ann=-0.1295, sharpe=-0.9713, mdd=-0.1895; legacy_momentum_low_turnover_v1: score=0.5780, selection_score=-1000000.0000, eligible=False, ann=0.1147, sharpe=0.5808, mdd=-0.1203; ma_kline_baseline_v1: score=-4.9502, selection_score=-1000000.0000, eligible=False, ann=-0.4930, sharpe=-4.4614, mdd=-0.4846; residual_momentum_reversal_v1: score=-3.4788, selection_score=-1000000.0000, eligible=False, ann=-0.3293, sharpe=-3.1514, mdd=-0.3256; residual_momentum_reversal_v2: score=-4.5682, selection_score=-1000000.0000, eligible=False, ann=-0.4558, sharpe=-4.1086, mdd=-0.4635; quality_growth_price_v1: score=-0.5368, selection_score=-1000000.0000, eligible=False, ann=-0.0319, sharpe=-0.4412, mdd=-0.1594; low_vol_low_turnover_quality_v1: score=1.0581, selection_score=-1000000.0000, eligible=False, ann=0.1203, sharpe=1.0513, mdd=-0.1067; quality_low_turnover_monthly_v1: score=1.0304, selection_score=-1000000.0000, eligible=False, ann=0.1211, sharpe=1.0290, mdd=-0.1183; multifactor_volume_price_filter_v1: score=-1.6503, selection_score=-1000000.0000, eligible=False, ann=-0.1728, sharpe=-1.4584, mdd=-0.2110; core_selection_quality_momentum_v1: score=-0.3078, selection_score=-1000000.0000, eligible=False, ann=-0.0015, sharpe=-0.2337, mdd=-0.1467; theme_exposure_momentum_v1: score=-0.5570, selection_score=-1000000.0000, eligible=False, ann=-0.0407, sharpe=-0.4893, mdd=-0.0946",low_vol_low_turnover_quality_v1,False,False,portfolio_fold_count<4,,,,,,,,,,,,,,,,,,,,,,,quality_4y_1y,4,1,,,,3,,ok,
PORTFOLIO,1,2019-08-06,2023-05-12,2023-05-15,2024-05-10,-0.04245190158752199,-0.2924829827366812,-0.17520774795444316,0.4686192468619247,0.9229069449475346,6,True,"low_vol_low_turnover_quality@q0.6,vol_window=20,vol_q=0.5,turnover_q=0.5,mom20,buy_top=20,hold_top=40,rebalance=40d,min_hold=20d,max_w=0.1,target_vol=0.18,turnover_penalty=0.02",low_vol_low_turnover_quality_v1,low_vol_low_turnover_quality_v1,Low Vol Low Turnover Quality,factor,portfolio,False,False,240,239,15.833333333333334,15.845188284518828,6,2023-05-15,"['SH.600809', 'SZ.000568', 'SZ.300760', 'SH.600919', 'SZ.002304']",point_in_time,2023-05-12,120,5123,local_history_sqlite_as_of,"legacy_momentum: score=-1.1308, selection_score=-1000000.0000, eligible=False, ann=-0.1295, sharpe=-0.9713, mdd=-0.1895; legacy_momentum_low_turnover_v1: score=0.5780, selection_score=-1000000.0000, eligible=False, ann=0.1147, sharpe=0.5808, mdd=-0.1203; ma_kline_baseline_v1: score=-4.9502, selection_score=-1000000.0000, eligible=False, ann=-0.4930, sharpe=-4.4614, mdd=-0.4846; residual_momentum_reversal_v1: score=-3.4788, selection_score=-1000000.0000, eligible=False, ann=-0.3293, sharpe=-3.1514, mdd=-0.3256; residual_momentum_reversal_v2: score=-4.5682, selection_score=-1000000.0000, eligible=False, ann=-0.4558, sharpe=-4.1086, mdd=-0.4635; quality_growth_price_v1: score=-0.5368, selection_score=-1000000.0000, eligible=False, ann=-0.0319, sharpe=-0.4412, mdd=-0.1594; low_vol_low_turnover_quality_v1: score=1.0581, selection_score=-1000000.0000, eligible=False, ann=0.1203, sharpe=1.0513, mdd=-0.1067; quality_low_turnover_monthly_v1: score=1.0304, selection_score=-1000000.0000, eligible=False, ann=0.1211, sharpe=1.0290, mdd=-0.1183; multifactor_volume_price_filter_v1: score=-1.6503, selection_score=-1000000.0000, eligible=False, ann=-0.1728, sharpe=-1.4584, mdd=-0.2110; core_selection_quality_momentum_v1: score=-0.3078, selection_score=-1000000.0000, eligible=False, ann=-0.0015, sharpe=-0.2337, mdd=-0.1467; theme_exposure_momentum_v1: score=-0.5570, selection_score=-1000000.0000, eligible=False, ann=-0.0407, sharpe=-0.4893, mdd=-0.0946",low_vol_low_turnover_quality_v1,True,False,portfolio_fold_count<4,False,portfolio_fold_count<4,,,,,,,,,,,,,,,,,,,,,quality_4y_1y,4,1,,,,3,,ok,
PORTFOLIO,2,2020-05-13,2024-05-10,2024-05-13,2025-05-12,0.19650286662683314,1.205397438808589,-0.09168795262809659,0.4896265560165975,2.1124756833288316,7,True,"low_vol_low_turnover_quality@q0.6,vol_window=20,vol_q=0.5,turnover_q=0.5,mom60,buy_top=20,hold_top=40,rebalance=40d,min_hold=20d,max_w=0.1,target_vol=0.18,turnover_penalty=0.02",low_vol_low_turnover_quality_v1,low_vol_low_turnover_quality_v1,Low Vol Low Turnover Quality,factor,portfolio,False,False,242,241,11.884297520661157,11.858921161825727,7,2024-05-13,"['SH.600938', 'SZ.000725', 'SH.600309', 'SZ.300015', 'SZ.002027']",point_in_time,2024-05-10,120,5353,local_history_sqlite_as_of,"legacy_momentum: score=-1.1308, selection_score=-1000000.0000, eligible=False, ann=-0.1295, sharpe=-0.9713, mdd=-0.1895; legacy_momentum_low_turnover_v1: score=0.5780, selection_score=-1000000.0000, eligible=False, ann=0.1147, sharpe=0.5808, mdd=-0.1203; ma_kline_baseline_v1: score=-4.9502, selection_score=-1000000.0000, eligible=False, ann=-0.4930, sharpe=-4.4614, mdd=-0.4846; residual_momentum_reversal_v1: score=-3.4788, selection_score=-1000000.0000, eligible=False, ann=-0.3293, sharpe=-3.1514, mdd=-0.3256; residual_momentum_reversal_v2: score=-4.5682, selection_score=-1000000.0000, eligible=False, ann=-0.4558, sharpe=-4.1086, mdd=-0.4635; quality_growth_price_v1: score=-0.5368, selection_score=-1000000.0000, eligible=False, ann=-0.0319, sharpe=-0.4412, mdd=-0.1594; low_vol_low_turnover_quality_v1: score=1.0581, selection_score=-1000000.0000, eligible=False, ann=0.1203, sharpe=1.0513, mdd=-0.1067; quality_low_turnover_monthly_v1: score=1.0304, selection_score=-1000000.0000, eligible=False, ann=0.1211, sharpe=1.0290, mdd=-0.1183; multifactor_volume_price_filter_v1: score=-1.6503, selection_score=-1000000.0000, eligible=False, ann=-0.1728, sharpe=-1.4584, mdd=-0.2110; core_selection_quality_momentum_v1: score=-0.3078, selection_score=-1000000.0000, eligible=False, ann=-0.0015, sharpe=-0.2337, mdd=-0.1467; theme_exposure_momentum_v1: score=-0.5570, selection_score=-1000000.0000, eligible=False, ann=-0.0407, sharpe=-0.4893, mdd=-0.0946",low_vol_low_turnover_quality_v1,True,False,portfolio_fold_count<4,False,portfolio_fold_count<4,,,,,,,,,,,,,,,,,,,,,quality_4y_1y,4,1,,,,3,,ok,
PORTFOLIO,3,2021-05-13,2025-05-12,2025-05-13,2026-05-12,0.20682850527470498,2.2409489332177177,-0.05323711608299986,0.55,2.617046984991738,7,True,"low_vol_low_turnover_quality@q0.7,vol_window=60,vol_q=0.5,turnover_q=0.5,mom60,buy_top=10,hold_top=20,rebalance=40d,min_hold=20d,max_w=0.1,target_vol=0.18,turnover_penalty=0.02",low_vol_low_turnover_quality_v1,low_vol_low_turnover_quality_v1,Low Vol Low Turnover Quality,factor,portfolio,False,False,200,200,6.0,6.0,7,2025-05-13,"['SZ.002714', 'SH.600809', 'SH.601899', 'SZ.002371', 'SH.601336']",point_in_time,2025-05-12,120,5399,local_history_sqlite_as_of,"legacy_momentum: score=-1.1308, selection_score=-1000000.0000, eligible=False, ann=-0.1295, sharpe=-0.9713, mdd=-0.1895; legacy_momentum_low_turnover_v1: score=0.5780, selection_score=-1000000.0000, eligible=False, ann=0.1147, sharpe=0.5808, mdd=-0.1203; ma_kline_baseline_v1: score=-4.9502, selection_score=-1000000.0000, eligible=False, ann=-0.4930, sharpe=-4.4614, mdd=-0.4846; residual_momentum_reversal_v1: score=-3.4788, selection_score=-1000000.0000, eligible=False, ann=-0.3293, sharpe=-3.1514, mdd=-0.3256; residual_momentum_reversal_v2: score=-4.5682, selection_score=-1000000.0000, eligible=False, ann=-0.4558, sharpe=-4.1086, mdd=-0.4635; quality_growth_price_v1: score=-0.5368, selection_score=-1000000.0000, eligible=False, ann=-0.0319, sharpe=-0.4412, mdd=-0.1594; low_vol_low_turnover_quality_v1: score=1.0581, selection_score=-1000000.0000, eligible=False, ann=0.1203, sharpe=1.0513, mdd=-0.1067; quality_low_turnover_monthly_v1: score=1.0304, selection_score=-1000000.0000, eligible=False, ann=0.1211, sharpe=1.0290, mdd=-0.1183; multifactor_volume_price_filter_v1: score=-1.6503, selection_score=-1000000.0000, eligible=False, ann=-0.1728, sharpe=-1.4584, mdd=-0.2110; core_selection_quality_momentum_v1: score=-0.3078, selection_score=-1000000.0000, eligible=False, ann=-0.0015, sharpe=-0.2337, mdd=-0.1467; theme_exposure_momentum_v1: score=-0.5570, selection_score=-1000000.0000, eligible=False, ann=-0.0407, sharpe=-0.4893, mdd=-0.0946",low_vol_low_turnover_quality_v1,True,False,portfolio_fold_count<4,False,portfolio_fold_count<4,,,,,,,,,,,,,,,,,,,,,quality_4y_1y,4,1,,,,3,,ok,
PORTFOLIO,1,2019-08-06,2023-05-12,2023-05-15,2024-05-10,-0.10016871266515381,-0.7075394771347434,-0.21149862651144413,0.41841004184100417,0.8288988769126477,6,True,"quality_low_turnover_monthly@q0.6,vol_window=20,vol_q=0.5,turnover_q=0.5,top_n=10,hold_top=20,rebalance=40d,min_hold=20d,max_w=0.1,target_vol=0.18,turnover_penalty=0.02",quality_low_turnover_monthly_v1,quality_low_turnover_monthly_v1,Quality Low Turnover Monthly,factor,portfolio,False,False,240,239,10.0,10.0,6,2023-05-15,"['SH.600089', 'SH.600809', 'SZ.000858', 'SZ.300760', 'SZ.000568']",point_in_time,2023-05-12,120,5123,local_history_sqlite_as_of,"legacy_momentum: score=-1.1308, selection_score=-1000000.0000, eligible=False, ann=-0.1295, sharpe=-0.9713, mdd=-0.1895; legacy_momentum_low_turnover_v1: score=0.5780, selection_score=-1000000.0000, eligible=False, ann=0.1147, sharpe=0.5808, mdd=-0.1203; ma_kline_baseline_v1: score=-4.9502, selection_score=-1000000.0000, eligible=False, ann=-0.4930, sharpe=-4.4614, mdd=-0.4846; residual_momentum_reversal_v1: score=-3.4788, selection_score=-1000000.0000, eligible=False, ann=-0.3293, sharpe=-3.1514, mdd=-0.3256; residual_momentum_reversal_v2: score=-4.5682, selection_score=-1000000.0000, eligible=False, ann=-0.4558, sharpe=-4.1086, mdd=-0.4635; quality_growth_price_v1: score=-0.5368, selection_score=-1000000.0000, eligible=False, ann=-0.0319, sharpe=-0.4412, mdd=-0.1594; low_vol_low_turnover_quality_v1: score=1.0581, selection_score=-1000000.0000, eligible=False, ann=0.1203, sharpe=1.0513, mdd=-0.1067; quality_low_turnover_monthly_v1: score=1.0304, selection_score=-1000000.0000, eligible=False, ann=0.1211, sharpe=1.0290, mdd=-0.1183; multifactor_volume_price_filter_v1: score=-1.6503, selection_score=-1000000.0000, eligible=False, ann=-0.1728, sharpe=-1.4584, mdd=-0.2110; core_selection_quality_momentum_v1: score=-0.3078, selection_score=-1000000.0000, eligible=False, ann=-0.0015, sharpe=-0.2337, mdd=-0.1467; theme_exposure_momentum_v1: score=-0.5570, selection_score=-1000000.0000, eligible=False, ann=-0.0407, sharpe=-0.4893, mdd=-0.0946",low_vol_low_turnover_quality_v1,False,False,portfolio_fold_count<4,,,28795.0,2400.0,1.0,1.0,1.0,1.0,0.0,0.5041673901719048,0.7251788150676938,0.22101142489578895,1.0,1.0,1.0,1.0,1.0,0.8496908409197013,0.4950505222922503,0.7528305322128851,0.7971133870214753,0.6741889589169001,quality_4y_1y,4,1,,,,3,,ok,
PORTFOLIO,2,2020-05-13,2024-05-10,2024-05-13,2025-05-12,0.19650286662683314,1.205397438808589,-0.09168795262809659,0.4896265560165975,2.1124756833288316,7,True,"quality_low_turnover_monthly@q0.6,vol_window=20,vol_q=0.5,turnover_q=0.5,top_n=20,hold_top=40,rebalance=40d,min_hold=20d,max_w=0.1,target_vol=0.18,turnover_penalty=0.02",quality_low_turnover_monthly_v1,quality_low_turnover_monthly_v1,Quality Low Turnover Monthly,factor,portfolio,False,False,242,241,11.884297520661157,11.858921161825727,7,2024-05-13,"['SZ.300760', 'SH.600938', 'SZ.002027', 'SZ.300015', 'SZ.000725']",point_in_time,2024-05-10,120,5353,local_history_sqlite_as_of,"legacy_momentum: score=-1.1308, selection_score=-1000000.0000, eligible=False, ann=-0.1295, sharpe=-0.9713, mdd=-0.1895; legacy_momentum_low_turnover_v1: score=0.5780, selection_score=-1000000.0000, eligible=False, ann=0.1147, sharpe=0.5808, mdd=-0.1203; ma_kline_baseline_v1: score=-4.9502, selection_score=-1000000.0000, eligible=False, ann=-0.4930, sharpe=-4.4614, mdd=-0.4846; residual_momentum_reversal_v1: score=-3.4788, selection_score=-1000000.0000, eligible=False, ann=-0.3293, sharpe=-3.1514, mdd=-0.3256; residual_momentum_reversal_v2: score=-4.5682, selection_score=-1000000.0000, eligible=False, ann=-0.4558, sharpe=-4.1086, mdd=-0.4635; quality_growth_price_v1: score=-0.5368, selection_score=-1000000.0000, eligible=False, ann=-0.0319, sharpe=-0.4412, mdd=-0.1594; low_vol_low_turnover_quality_v1: score=1.0581, selection_score=-1000000.0000, eligible=False, ann=0.1203, sharpe=1.0513, mdd=-0.1067; quality_low_turnover_monthly_v1: score=1.0304, selection_score=-1000000.0000, eligible=False, ann=0.1211, sharpe=1.0290, mdd=-0.1183; multifactor_volume_price_filter_v1: score=-1.6503, selection_score=-1000000.0000, eligible=False, ann=-0.1728, sharpe=-1.4584, mdd=-0.2110; core_selection_quality_momentum_v1: score=-0.3078, selection_score=-1000000.0000, eligible=False, ann=-0.0015, sharpe=-0.2337, mdd=-0.1467; theme_exposure_momentum_v1: score=-0.5570, selection_score=-1000000.0000, eligible=False, ann=-0.0407, sharpe=-0.4893, mdd=-0.0946",low_vol_low_turnover_quality_v1,False,False,portfolio_fold_count<4,,,29030.0,2876.0,1.0,1.0,1.0,1.0,0.0,0.504168101963486,0.6583823407666266,0.15421423880314056,1.0,1.0,1.0,1.0,1.0,0.718660200519707,0.5833271608365181,0.6753367724001978,0.6421887844150177,0.6314878420074567,quality_4y_1y,4,1,,,,3,,ok,
PORTFOLIO,3,2021-05-13,2025-05-12,2025-05-13,2026-05-12,0.2670953584476208,2.5890325296712193,-0.05171257906587945,0.56,2.572318820916543,7,True,"quality_low_turnover_monthly@q0.7,vol_window=60,vol_q=0.5,turnover_q=0.5,top_n=10,hold_top=20,rebalance=40d,min_hold=20d,max_w=0.1,target_vol=0.18,turnover_penalty=0.02",quality_low_turnover_monthly_v1,quality_low_turnover_monthly_v1,Quality Low Turnover Monthly,factor,portfolio,False,False,200,200,6.0,6.0,7,2025-05-13,"['SZ.002714', 'SH.601899', 'SH.600547', 'SH.601336', 'SH.600809']",point_in_time,2025-05-12,120,5399,local_history_sqlite_as_of,"legacy_momentum: score=-1.1308, selection_score=-1000000.0000, eligible=False, ann=-0.1295, sharpe=-0.9713, mdd=-0.1895; legacy_momentum_low_turnover_v1: score=0.5780, selection_score=-1000000.0000, eligible=False, ann=0.1147, sharpe=0.5808, mdd=-0.1203; ma_kline_baseline_v1: score=-4.9502, selection_score=-1000000.0000, eligible=False, ann=-0.4930, sharpe=-4.4614, mdd=-0.4846; residual_momentum_reversal_v1: score=-3.4788, selection_score=-1000000.0000, eligible=False, ann=-0.3293, sharpe=-3.1514, mdd=-0.3256; residual_momentum_reversal_v2: score=-4.5682, selection_score=-1000000.0000, eligible=False, ann=-0.4558, sharpe=-4.1086, mdd=-0.4635; quality_growth_price_v1: score=-0.5368, selection_score=-1000000.0000, eligible=False, ann=-0.0319, sharpe=-0.4412, mdd=-0.1594; low_vol_low_turnover_quality_v1: score=1.0581, selection_score=-1000000.0000, eligible=False, ann=0.1203, sharpe=1.0513, mdd=-0.1067; quality_low_turnover_monthly_v1: score=1.0304, selection_score=-1000000.0000, eligible=False, ann=0.1211, sharpe=1.0290, mdd=-0.1183; multifactor_volume_price_filter_v1: score=-1.6503, selection_score=-1000000.0000, eligible=False, ann=-0.1728, sharpe=-1.4584, mdd=-0.2110; core_selection_quality_momentum_v1: score=-0.3078, selection_score=-1000000.0000, eligible=False, ann=-0.0015, sharpe=-0.2337, mdd=-0.1467; theme_exposure_momentum_v1: score=-0.5570, selection_score=-1000000.0000, eligible=False, ann=-0.0407, sharpe=-0.4893, mdd=-0.0946",low_vol_low_turnover_quality_v1,False,False,portfolio_fold_count<4,,,28969.0,1200.0,1.0,1.0,1.0,1.0,0.0,0.5041768787324381,0.6719602455035687,0.1677833667711306,1.0,1.0,1.0,1.0,1.0,0.7673784831022804,0.6094305540719112,0.6826739162472899,0.7117679896817485,0.5104040537118802,quality_4y_1y,4,1,,,,3,,ok,
PORTFOLIO,1,2019-08-06,2023-05-12,2023-05-15,2024-05-10,-0.2125964546527589,-1.6574214423207865,-0.20916163040736369,0.36764705882352944,46.224121569469304,102,True,"quality@q0.7,resid_mom20@q0.6,ma20>ma60,vol@q0.75,amt>=1.2,upper_shadow<=1.5,breakout_required=True,target_vol=0.18,top_n=5,xmarket_overlay=False",multifactor_volume_price_filter_v1,multifactor_volume_price_filter_v1,multifactor_volume_price_filter_v1,generic,portfolio,True,True,69,68,1.5072463768115942,1.5147058823529411,102,2023-06-15,"['SZ.002594', 'SZ.000625']",point_in_time,2023-05-12,120,5123,local_history_sqlite_as_of,"legacy_momentum: score=-1.1308, selection_score=-1000000.0000, eligible=False, ann=-0.1295, sharpe=-0.9713, mdd=-0.1895; legacy_momentum_low_turnover_v1: score=0.5780, selection_score=-1000000.0000, eligible=False, ann=0.1147, sharpe=0.5808, mdd=-0.1203; ma_kline_baseline_v1: score=-4.9502, selection_score=-1000000.0000, eligible=False, ann=-0.4930, sharpe=-4.4614, mdd=-0.4846; residual_momentum_reversal_v1: score=-3.4788, selection_score=-1000000.0000, eligible=False, ann=-0.3293, sharpe=-3.1514, mdd=-0.3256; residual_momentum_reversal_v2: score=-4.5682, selection_score=-1000000.0000, eligible=False, ann=-0.4558, sharpe=-4.1086, mdd=-0.4635; quality_growth_price_v1: score=-0.5368, selection_score=-1000000.0000, eligible=False, ann=-0.0319, sharpe=-0.4412, mdd=-0.1594; low_vol_low_turnover_quality_v1: score=1.0581, selection_score=-1000000.0000, eligible=False, ann=0.1203, sharpe=1.0513, mdd=-0.1067; quality_low_turnover_monthly_v1: score=1.0304, selection_score=-1000000.0000, eligible=False, ann=0.1211, sharpe=1.0290, mdd=-0.1183; multifactor_volume_price_filter_v1: score=-1.6503, selection_score=-1000000.0000, eligible=False, ann=-0.1728, sharpe=-1.4584, mdd=-0.2110; core_selection_quality_momentum_v1: score=-0.3078, selection_score=-1000000.0000, eligible=False, ann=-0.0015, sharpe=-0.2337, mdd=-0.1467; theme_exposure_momentum_v1: score=-0.5570, selection_score=-1000000.0000, eligible=False, ann=-0.0407, sharpe=-0.4893, mdd=-0.0946",low_vol_low_turnover_quality_v1,False,False,portfolio_fold_count<4,,,,,,,,,,,,,,,,,,,,,,,quality_4y_1y,4,1,,,,3,,ok,
PORTFOLIO,2,2020-05-13,2024-05-10,2024-05-13,2025-05-12,-0.17006414599676645,-1.6812770127931151,-0.2007152497124336,0.3787878787878788,49.95699097264756,103,True,"quality@q0.7,resid_mom20@q0.6,ma20>ma60,vol@q0.6,amt>=1.0,upper_shadow<=1.5,breakout_required=True,target_vol=0.18,top_n=10,xmarket_overlay=False",multifactor_volume_price_filter_v1,multifactor_volume_price_filter_v1,multifactor_volume_price_filter_v1,generic,portfolio,True,True,67,66,1.2835820895522387,1.2878787878787878,103,2024-05-13,['SH.600690'],point_in_time,2024-05-10,120,5353,local_history_sqlite_as_of,"legacy_momentum: score=-1.1308, selection_score=-1000000.0000, eligible=False, ann=-0.1295, sharpe=-0.9713, mdd=-0.1895; legacy_momentum_low_turnover_v1: score=0.5780, selection_score=-1000000.0000, eligible=False, ann=0.1147, sharpe=0.5808, mdd=-0.1203; ma_kline_baseline_v1: score=-4.9502, selection_score=-1000000.0000, eligible=False, ann=-0.4930, sharpe=-4.4614, mdd=-0.4846; residual_momentum_reversal_v1: score=-3.4788, selection_score=-1000000.0000, eligible=False, ann=-0.3293, sharpe=-3.1514, mdd=-0.3256; residual_momentum_reversal_v2: score=-4.5682, selection_score=-1000000.0000, eligible=False, ann=-0.4558, sharpe=-4.1086, mdd=-0.4635; quality_growth_price_v1: score=-0.5368, selection_score=-1000000.0000, eligible=False, ann=-0.0319, sharpe=-0.4412, mdd=-0.1594; low_vol_low_turnover_quality_v1: score=1.0581, selection_score=-1000000.0000, eligible=False, ann=0.1203, sharpe=1.0513, mdd=-0.1067; quality_low_turnover_monthly_v1: score=1.0304, selection_score=-1000000.0000, eligible=False, ann=0.1211, sharpe=1.0290, mdd=-0.1183; multifactor_volume_price_filter_v1: score=-1.6503, selection_score=-1000000.0000, eligible=False, ann=-0.1728, sharpe=-1.4584, mdd=-0.2110; core_selection_quality_momentum_v1: score=-0.3078, selection_score=-1000000.0000, eligible=False, ann=-0.0015, sharpe=-0.2337, mdd=-0.1467; theme_exposure_momentum_v1: score=-0.5570, selection_score=-1000000.0000, eligible=False, ann=-0.0407, sharpe=-0.4893, mdd=-0.0946",low_vol_low_turnover_quality_v1,False,False,portfolio_fold_count<4,,,,,,,,,,,,,,,,,,,,,,,quality_4y_1y,4,1,,,,3,,ok,
PORTFOLIO,3,2021-05-13,2025-05-12,2025-05-13,2026-05-12,-0.13564993162074235,-1.0365690926596098,-0.2231524713608205,0.3972602739726027,50.80608994285294,113,True,"quality@q0.7,resid_mom20@q0.6,ma20>ma60,vol@q0.6,amt>=1.2,upper_shadow<=1.5,breakout_required=True,target_vol=0.18,top_n=5,xmarket_overlay=False",multifactor_volume_price_filter_v1,multifactor_volume_price_filter_v1,multifactor_volume_price_filter_v1,generic,portfolio,True,True,73,73,1.36986301369863,1.36986301369863,113,2025-05-13,['SH.601919'],point_in_time,2025-05-12,120,5399,local_history_sqlite_as_of,"legacy_momentum: score=-1.1308, selection_score=-1000000.0000, eligible=False, ann=-0.1295, sharpe=-0.9713, mdd=-0.1895; legacy_momentum_low_turnover_v1: score=0.5780, selection_score=-1000000.0000, eligible=False, ann=0.1147, sharpe=0.5808, mdd=-0.1203; ma_kline_baseline_v1: score=-4.9502, selection_score=-1000000.0000, eligible=False, ann=-0.4930, sharpe=-4.4614, mdd=-0.4846; residual_momentum_reversal_v1: score=-3.4788, selection_score=-1000000.0000, eligible=False, ann=-0.3293, sharpe=-3.1514, mdd=-0.3256; residual_momentum_reversal_v2: score=-4.5682, selection_score=-1000000.0000, eligible=False, ann=-0.4558, sharpe=-4.1086, mdd=-0.4635; quality_growth_price_v1: score=-0.5368, selection_score=-1000000.0000, eligible=False, ann=-0.0319, sharpe=-0.4412, mdd=-0.1594; low_vol_low_turnover_quality_v1: score=1.0581, selection_score=-1000000.0000, eligible=False, ann=0.1203, sharpe=1.0513, mdd=-0.1067; quality_low_turnover_monthly_v1: score=1.0304, selection_score=-1000000.0000, eligible=False, ann=0.1211, sharpe=1.0290, mdd=-0.1183; multifactor_volume_price_filter_v1: score=-1.6503, selection_score=-1000000.0000, eligible=False, ann=-0.1728, sharpe=-1.4584, mdd=-0.2110; core_selection_quality_momentum_v1: score=-0.3078, selection_score=-1000000.0000, eligible=False, ann=-0.0015, sharpe=-0.2337, mdd=-0.1467; theme_exposure_momentum_v1: score=-0.5570, selection_score=-1000000.0000, eligible=False, ann=-0.0407, sharpe=-0.4893, mdd=-0.0946",low_vol_low_turnover_quality_v1,False,False,portfolio_fold_count<4,,,,,,,,,,,,,,,,,,,,,,,quality_4y_1y,4,1,,,,3,,ok,
PORTFOLIO,1,2019-08-06,2023-05-12,2023-05-15,2024-05-10,-0.10892886010020908,-1.0975470488570926,-0.1745221698688436,0.41841004184100417,7.163508163371301,239,True,"quality@q0.6,resid_mom20@q0.55,ma60,vol@q0.6,top_n=12,target_vol=0.18,xmarket_overlay=False",core_selection_quality_momentum_v1,core_selection_quality_momentum_v1,Core Selection Quality Momentum,core_stock_picking,portfolio,True,True,240,239,10.366666666666667,10.359832635983263,239,2023-05-15,"['SH.600089', 'SZ.300750', 'SZ.002594', 'SH.600919', 'SH.601225']",point_in_time,2023-05-12,120,5123,local_history_sqlite_as_of,"legacy_momentum: score=-1.1308, selection_score=-1000000.0000, eligible=False, ann=-0.1295, sharpe=-0.9713, mdd=-0.1895; legacy_momentum_low_turnover_v1: score=0.5780, selection_score=-1000000.0000, eligible=False, ann=0.1147, sharpe=0.5808, mdd=-0.1203; ma_kline_baseline_v1: score=-4.9502, selection_score=-1000000.0000, eligible=False, ann=-0.4930, sharpe=-4.4614, mdd=-0.4846; residual_momentum_reversal_v1: score=-3.4788, selection_score=-1000000.0000, eligible=False, ann=-0.3293, sharpe=-3.1514, mdd=-0.3256; residual_momentum_reversal_v2: score=-4.5682, selection_score=-1000000.0000, eligible=False, ann=-0.4558, sharpe=-4.1086, mdd=-0.4635; quality_growth_price_v1: score=-0.5368, selection_score=-1000000.0000, eligible=False, ann=-0.0319, sharpe=-0.4412, mdd=-0.1594; low_vol_low_turnover_quality_v1: score=1.0581, selection_score=-1000000.0000, eligible=False, ann=0.1203, sharpe=1.0513, mdd=-0.1067; quality_low_turnover_monthly_v1: score=1.0304, selection_score=-1000000.0000, eligible=False, ann=0.1211, sharpe=1.0290, mdd=-0.1183; multifactor_volume_price_filter_v1: score=-1.6503, selection_score=-1000000.0000, eligible=False, ann=-0.1728, sharpe=-1.4584, mdd=-0.2110; core_selection_quality_momentum_v1: score=-0.3078, selection_score=-1000000.0000, eligible=False, ann=-0.0015, sharpe=-0.2337, mdd=-0.1467; theme_exposure_momentum_v1: score=-0.5570, selection_score=-1000000.0000, eligible=False, ann=-0.0407, sharpe=-0.4893, mdd=-0.0946",low_vol_low_turnover_quality_v1,False,False,portfolio_fold_count<4,,,,,,,,,,,,,,,,,,,,,,,quality_4y_1y,4,1,,,,3,,ok,
PORTFOLIO,2,2020-05-13,2024-05-10,2024-05-13,2025-05-12,-0.13739087874221145,-1.1354284489642343,-0.1560461371759697,0.45021645021645024,8.630258092387871,232,True,"quality@q0.6,resid_mom20@q0.6,ma60,vol@q0.75,top_n=12,target_vol=0.18,xmarket_overlay=False",core_selection_quality_momentum_v1,core_selection_quality_momentum_v1,Core Selection Quality Momentum,core_stock_picking,portfolio,True,True,232,231,9.84051724137931,9.831168831168831,232,2024-05-13,"['SZ.300760', 'SZ.000333', 'SH.600809', 'SH.600690', 'SZ.000858']",point_in_time,2024-05-10,120,5353,local_history_sqlite_as_of,"legacy_momentum: score=-1.1308, selection_score=-1000000.0000, eligible=False, ann=-0.1295, sharpe=-0.9713, mdd=-0.1895; legacy_momentum_low_turnover_v1: score=0.5780, selection_score=-1000000.0000, eligible=False, ann=0.1147, sharpe=0.5808, mdd=-0.1203; ma_kline_baseline_v1: score=-4.9502, selection_score=-1000000.0000, eligible=False, ann=-0.4930, sharpe=-4.4614, mdd=-0.4846; residual_momentum_reversal_v1: score=-3.4788, selection_score=-1000000.0000, eligible=False, ann=-0.3293, sharpe=-3.1514, mdd=-0.3256; residual_momentum_reversal_v2: score=-4.5682, selection_score=-1000000.0000, eligible=False, ann=-0.4558, sharpe=-4.1086, mdd=-0.4635; quality_growth_price_v1: score=-0.5368, selection_score=-1000000.0000, eligible=False, ann=-0.0319, sharpe=-0.4412, mdd=-0.1594; low_vol_low_turnover_quality_v1: score=1.0581, selection_score=-1000000.0000, eligible=False, ann=0.1203, sharpe=1.0513, mdd=-0.1067; quality_low_turnover_monthly_v1: score=1.0304, selection_score=-1000000.0000, eligible=False, ann=0.1211, sharpe=1.0290, mdd=-0.1183; multifactor_volume_price_filter_v1: score=-1.6503, selection_score=-1000000.0000, eligible=False, ann=-0.1728, sharpe=-1.4584, mdd=-0.2110; core_selection_quality_momentum_v1: score=-0.3078, selection_score=-1000000.0000, eligible=False, ann=-0.0015, sharpe=-0.2337, mdd=-0.1467; theme_exposure_momentum_v1: score=-0.5570, selection_score=-1000000.0000, eligible=False, ann=-0.0407, sharpe=-0.4893, mdd=-0.0946",low_vol_low_turnover_quality_v1,False,False,portfolio_fold_count<4,,,,,,,,,,,,,,,,,,,,,,,quality_4y_1y,4,1,,,,3,,ok,
PORTFOLIO,3,2021-05-13,2025-05-12,2025-05-13,2026-05-12,0.24194548134817873,1.531790085539393,-0.10958709363011387,0.5041666666666667,12.023827344212421,240,True,"quality@q0.7,resid_mom20@q0.6,ma20,vol@q0.75,top_n=8,target_vol=0.18,xmarket_overlay=False",core_selection_quality_momentum_v1,core_selection_quality_momentum_v1,Core Selection Quality Momentum,core_stock_picking,portfolio,True,True,241,240,5.452282157676349,5.441666666666666,240,2025-05-13,"['SH.601919', 'SH.603259', 'SH.688008', 'SZ.000333', 'SZ.300750']",point_in_time,2025-05-12,120,5399,local_history_sqlite_as_of,"legacy_momentum: score=-1.1308, selection_score=-1000000.0000, eligible=False, ann=-0.1295, sharpe=-0.9713, mdd=-0.1895; legacy_momentum_low_turnover_v1: score=0.5780, selection_score=-1000000.0000, eligible=False, ann=0.1147, sharpe=0.5808, mdd=-0.1203; ma_kline_baseline_v1: score=-4.9502, selection_score=-1000000.0000, eligible=False, ann=-0.4930, sharpe=-4.4614, mdd=-0.4846; residual_momentum_reversal_v1: score=-3.4788, selection_score=-1000000.0000, eligible=False, ann=-0.3293, sharpe=-3.1514, mdd=-0.3256; residual_momentum_reversal_v2: score=-4.5682, selection_score=-1000000.0000, eligible=False, ann=-0.4558, sharpe=-4.1086, mdd=-0.4635; quality_growth_price_v1: score=-0.5368, selection_score=-1000000.0000, eligible=False, ann=-0.0319, sharpe=-0.4412, mdd=-0.1594; low_vol_low_turnover_quality_v1: score=1.0581, selection_score=-1000000.0000, eligible=False, ann=0.1203, sharpe=1.0513, mdd=-0.1067; quality_low_turnover_monthly_v1: score=1.0304, selection_score=-1000000.0000, eligible=False, ann=0.1211, sharpe=1.0290, mdd=-0.1183; multifactor_volume_price_filter_v1: score=-1.6503, selection_score=-1000000.0000, eligible=False, ann=-0.1728, sharpe=-1.4584, mdd=-0.2110; core_selection_quality_momentum_v1: score=-0.3078, selection_score=-1000000.0000, eligible=False, ann=-0.0015, sharpe=-0.2337, mdd=-0.1467; theme_exposure_momentum_v1: score=-0.5570, selection_score=-1000000.0000, eligible=False, ann=-0.0407, sharpe=-0.4893, mdd=-0.0946",low_vol_low_turnover_quality_v1,False,False,portfolio_fold_count<4,,,,,,,,,,,,,,,,,,,,,,,quality_4y_1y,4,1,,,,3,,ok,
PORTFOLIO,1,2019-08-06,2023-05-12,2023-05-15,2024-05-10,-0.10238689087069108,-1.3495184334576755,-0.10012326440038644,0.44642857142857145,49.96267094955265,98,True,"theme_mom20@q0.7,ma20,vol@q0.75,amt>=1.0,breakout_required=True,xscore>=0.5,top_n=3,target_vol=0.18",theme_exposure_momentum_v1,theme_exposure_momentum_v1,Theme Exposure Momentum,theme_exposure,portfolio,True,True,56,56,2.142857142857143,2.142857142857143,98,2023-05-29,['SH.600584'],point_in_time,2023-05-12,120,5123,local_history_sqlite_as_of,"legacy_momentum: score=-1.1308, selection_score=-1000000.0000, eligible=False, ann=-0.1295, sharpe=-0.9713, mdd=-0.1895; legacy_momentum_low_turnover_v1: score=0.5780, selection_score=-1000000.0000, eligible=False, ann=0.1147, sharpe=0.5808, mdd=-0.1203; ma_kline_baseline_v1: score=-4.9502, selection_score=-1000000.0000, eligible=False, ann=-0.4930, sharpe=-4.4614, mdd=-0.4846; residual_momentum_reversal_v1: score=-3.4788, selection_score=-1000000.0000, eligible=False, ann=-0.3293, sharpe=-3.1514, mdd=-0.3256; residual_momentum_reversal_v2: score=-4.5682, selection_score=-1000000.0000, eligible=False, ann=-0.4558, sharpe=-4.1086, mdd=-0.4635; quality_growth_price_v1: score=-0.5368, selection_score=-1000000.0000, eligible=False, ann=-0.0319, sharpe=-0.4412, mdd=-0.1594; low_vol_low_turnover_quality_v1: score=1.0581, selection_score=-1000000.0000, eligible=False, ann=0.1203, sharpe=1.0513, mdd=-0.1067; quality_low_turnover_monthly_v1: score=1.0304, selection_score=-1000000.0000, eligible=False, ann=0.1211, sharpe=1.0290, mdd=-0.1183; multifactor_volume_price_filter_v1: score=-1.6503, selection_score=-1000000.0000, eligible=False, ann=-0.1728, sharpe=-1.4584, mdd=-0.2110; core_selection_quality_momentum_v1: score=-0.3078, selection_score=-1000000.0000, eligible=False, ann=-0.0015, sharpe=-0.2337, mdd=-0.1467; theme_exposure_momentum_v1: score=-0.5570, selection_score=-1000000.0000, eligible=False, ann=-0.0407, sharpe=-0.4893, mdd=-0.0946",low_vol_low_turnover_quality_v1,False,False,portfolio_fold_count<4,,,,,,,,,,,,,,,,,,,,,,,quality_4y_1y,4,1,,,,3,,ok,
PORTFOLIO,2,2020-05-13,2024-05-10,2024-05-13,2025-05-12,0.040759935824057125,0.43423518030384983,-0.08158979073091488,0.5901639344262295,52.73094925562817,101,True,"theme_mom20@q0.7,ma60,vol@q0.75,amt>=1.0,breakout_required=True,xscore>=0.5,top_n=3,target_vol=0.18",theme_exposure_momentum_v1,theme_exposure_momentum_v1,Theme Exposure Momentum,theme_exposure,portfolio,True,True,61,61,2.180327868852459,2.180327868852459,101,2024-05-13,"['SH.601919', 'SH.600690', 'SZ.002241']",point_in_time,2024-05-10,120,5353,local_history_sqlite_as_of,"legacy_momentum: score=-1.1308, selection_score=-1000000.0000, eligible=False, ann=-0.1295, sharpe=-0.9713, mdd=-0.1895; legacy_momentum_low_turnover_v1: score=0.5780, selection_score=-1000000.0000, eligible=False, ann=0.1147, sharpe=0.5808, mdd=-0.1203; ma_kline_baseline_v1: score=-4.9502, selection_score=-1000000.0000, eligible=False, ann=-0.4930, sharpe=-4.4614, mdd=-0.4846; residual_momentum_reversal_v1: score=-3.4788, selection_score=-1000000.0000, eligible=False, ann=-0.3293, sharpe=-3.1514, mdd=-0.3256; residual_momentum_reversal_v2: score=-4.5682, selection_score=-1000000.0000, eligible=False, ann=-0.4558, sharpe=-4.1086, mdd=-0.4635; quality_growth_price_v1: score=-0.5368, selection_score=-1000000.0000, eligible=False, ann=-0.0319, sharpe=-0.4412, mdd=-0.1594; low_vol_low_turnover_quality_v1: score=1.0581, selection_score=-1000000.0000, eligible=False, ann=0.1203, sharpe=1.0513, mdd=-0.1067; quality_low_turnover_monthly_v1: score=1.0304, selection_score=-1000000.0000, eligible=False, ann=0.1211, sharpe=1.0290, mdd=-0.1183; multifactor_volume_price_filter_v1: score=-1.6503, selection_score=-1000000.0000, eligible=False, ann=-0.1728, sharpe=-1.4584, mdd=-0.2110; core_selection_quality_momentum_v1: score=-0.3078, selection_score=-1000000.0000, eligible=False, ann=-0.0015, sharpe=-0.2337, mdd=-0.1467; theme_exposure_momentum_v1: score=-0.5570, selection_score=-1000000.0000, eligible=False, ann=-0.0407, sharpe=-0.4893, mdd=-0.0946",low_vol_low_turnover_quality_v1,False,False,portfolio_fold_count<4,,,,,,,,,,,,,,,,,,,,,,,quality_4y_1y,4,1,,,,3,,ok,
PORTFOLIO,3,2021-05-13,2025-05-12,2025-05-13,2026-05-12,-0.06053304571487972,-0.5527153377110497,-0.10195381926656799,0.3835616438356164,54.21721505933409,117,True,"theme_mom10@q0.7,ma60,vol@q0.75,amt>=1.2,breakout_required=True,xscore>=0.5,top_n=3,target_vol=0.18",theme_exposure_momentum_v1,theme_exposure_momentum_v1,Theme Exposure Momentum,theme_exposure,portfolio,True,True,74,73,2.175675675675676,2.191780821917808,117,2025-05-13,"['SZ.300274', 'SH.601919', 'SH.601668']",point_in_time,2025-05-12,120,5399,local_history_sqlite_as_of,"legacy_momentum: score=-1.1308, selection_score=-1000000.0000, eligible=False, ann=-0.1295, sharpe=-0.9713, mdd=-0.1895; legacy_momentum_low_turnover_v1: score=0.5780, selection_score=-1000000.0000, eligible=False, ann=0.1147, sharpe=0.5808, mdd=-0.1203; ma_kline_baseline_v1: score=-4.9502, selection_score=-1000000.0000, eligible=False, ann=-0.4930, sharpe=-4.4614, mdd=-0.4846; residual_momentum_reversal_v1: score=-3.4788, selection_score=-1000000.0000, eligible=False, ann=-0.3293, sharpe=-3.1514, mdd=-0.3256; residual_momentum_reversal_v2: score=-4.5682, selection_score=-1000000.0000, eligible=False, ann=-0.4558, sharpe=-4.1086, mdd=-0.4635; quality_growth_price_v1: score=-0.5368, selection_score=-1000000.0000, eligible=False, ann=-0.0319, sharpe=-0.4412, mdd=-0.1594; low_vol_low_turnover_quality_v1: score=1.0581, selection_score=-1000000.0000, eligible=False, ann=0.1203, sharpe=1.0513, mdd=-0.1067; quality_low_turnover_monthly_v1: score=1.0304, selection_score=-1000000.0000, eligible=False, ann=0.1211, sharpe=1.0290, mdd=-0.1183; multifactor_volume_price_filter_v1: score=-1.6503, selection_score=-1000000.0000, eligible=False, ann=-0.1728, sharpe=-1.4584, mdd=-0.2110; core_selection_quality_momentum_v1: score=-0.3078, selection_score=-1000000.0000, eligible=False, ann=-0.0015, sharpe=-0.2337, mdd=-0.1467; theme_exposure_momentum_v1: score=-0.5570, selection_score=-1000000.0000, eligible=False, ann=-0.0407, sharpe=-0.4893, mdd=-0.0946",low_vol_low_turnover_quality_v1,False,False,portfolio_fold_count<4,,,,,,,,,,,,,,,,,,,,,,,quality_4y_1y,4,1,,,,3,,ok,
