scenario,slippage,commission,stamp_duty_sell,candidate,selected_candidate,eligible_for_selection,governance_reason,fold_count,panel_scope,annualized_return_mean,sharpe_mean,max_drawdown_mean,win_rate_mean,turnover_annual_mean
base_research_cost,0.001,0.00025,0.0005,legacy_momentum_low_turnover_v1,legacy_momentum_low_turnover_v1,True,eligible,4,portfolio,0.14398098861238032,1.0886200539613382,-0.10117349863293343,0.5129482071713147,1.5023090842074356
base_research_cost,0.001,0.00025,0.0005,legacy_momentum,legacy_momentum_low_turnover_v1,True,eligible,4,portfolio,0.0724299941587006,0.2952365417912636,-0.18002976991347383,0.4765418326693227,13.475825891070368
base_research_cost,0.001,0.00025,0.0005,multifactor_volume_price_filter_v1,legacy_momentum_low_turnover_v1,True,eligible,4,portfolio,-0.07655993954754903,-0.559706635670556,-0.17781332593005686,0.4494419138506755,48.381046368410466
base_research_cost,0.001,0.00025,0.0005,quality_growth_price_v1,legacy_momentum_low_turnover_v1,True,eligible,4,portfolio,-0.030816463852599285,-0.7194290300780789,-0.16719870441810192,0.46088135559296395,24.547474126481077
base_research_cost,0.001,0.00025,0.0005,residual_momentum_reversal_v1,legacy_momentum_low_turnover_v1,True,eligible,4,portfolio,-0.08782238731414624,-0.7765915416782879,-0.16103305414958474,0.45855951407219603,30.169983989125225
base_research_cost,0.001,0.00025,0.0005,residual_momentum_reversal_v2,legacy_momentum_low_turnover_v1,True,eligible,4,portfolio,-0.18959038479912477,-1.4056290364290576,-0.2688178835849908,0.4059143164297136,59.08127092061222
base_research_cost,0.001,0.00025,0.0005,ma_kline_baseline_v1,legacy_momentum_low_turnover_v1,True,eligible,4,portfolio,-0.2410350096496815,-1.783079823540779,-0.3161617168528075,0.4005151988933546,41.964290607779056
main_personal_execution,0.00246,0.00025,0.0005,legacy_momentum_low_turnover_v1,legacy_momentum_low_turnover_v1,True,eligible,4,portfolio,0.13312709618858617,1.008292015623601,-0.10417008645710835,0.5109561752988048,1.5023090842074356
main_personal_execution,0.00246,0.00025,0.0005,legacy_momentum,legacy_momentum_low_turnover_v1,True,eligible,4,portfolio,-0.04388803620203885,-0.5081821109556561,-0.2193493698857409,0.44862948207171316,13.475825891070368
main_personal_execution,0.00246,0.00025,0.0005,quality_growth_price_v1,legacy_momentum_low_turnover_v1,True,eligible,4,portfolio,-0.1095160268299259,-1.4223777987880144,-0.21304939468813267,0.43814122213446804,24.79228539531689
main_personal_execution,0.00246,0.00025,0.0005,multifactor_volume_price_filter_v1,legacy_momentum_low_turnover_v1,True,eligible,4,portfolio,-0.20587823633882896,-1.709464368408745,-0.2493056691209785,0.37991624655979533,44.58351893621584
main_personal_execution,0.00246,0.00025,0.0005,residual_momentum_reversal_v1,legacy_momentum_low_turnover_v1,True,eligible,4,portfolio,-0.2524717285496828,-2.477032353795738,-0.2817895066776318,0.4057084052839571,30.00128633987981
main_personal_execution,0.00246,0.00025,0.0005,residual_momentum_reversal_v2,legacy_momentum_low_turnover_v1,True,eligible,4,portfolio,-0.3432955886465955,-2.8521194297467463,-0.3883051708624021,0.3634294149866897,63.41078969952978
main_personal_execution,0.00246,0.00025,0.0005,ma_kline_baseline_v1,legacy_momentum_low_turnover_v1,True,eligible,4,portfolio,-0.42528995437531203,-3.604413988437761,-0.4595747542499415,0.35129223470358484,40.34468929876793
stress_slippage_0_003,0.003,0.00025,0.0005,legacy_momentum_low_turnover_v1,legacy_momentum_low_turnover_v1,True,eligible,4,portfolio,0.12913707459857102,0.9784986933764893,-0.10527574065734313,0.5099601593625498,1.5023090842074356
stress_slippage_0_003,0.003,0.00025,0.0005,legacy_momentum,legacy_momentum_low_turnover_v1,True,eligible,4,portfolio,-0.08361743152606357,-0.8040747826024481,-0.2361157509075827,0.44264940239043826,13.475825891070368
stress_slippage_0_003,0.003,0.00025,0.0005,quality_growth_price_v1,legacy_momentum_low_turnover_v1,True,eligible,4,portfolio,-0.13715876947719072,-1.7120709906523712,-0.22926657772714884,0.4280953400888799,24.79228539531689
stress_slippage_0_003,0.003,0.00025,0.0005,multifactor_volume_price_filter_v1,legacy_momentum_low_turnover_v1,True,eligible,4,portfolio,-0.24534045355991438,-2.084588259495883,-0.2788847971104292,0.3642932861219773,44.58351893621584
stress_slippage_0_003,0.003,0.00025,0.0005,residual_momentum_reversal_v1,legacy_momentum_low_turnover_v1,True,eligible,4,portfolio,-0.30029765405221653,-3.013752414274722,-0.32434382335475137,0.39740466796682605,30.00128633987981
stress_slippage_0_003,0.003,0.00025,0.0005,residual_momentum_reversal_v2,legacy_momentum_low_turnover_v1,True,eligible,4,portfolio,-0.417490709430711,-3.6489036659457215,-0.4547257686652296,0.34026774836974,63.86739252365249
stress_slippage_0_003,0.003,0.00025,0.0005,ma_kline_baseline_v1,legacy_momentum_low_turnover_v1,True,eligible,4,portfolio,-0.48132616098933173,-4.266805764992848,-0.5096699337611679,0.33677413435576764,40.34468929876793
stress_slippage_0_005,0.005,0.00025,0.0005,legacy_momentum_low_turnover_v1,legacy_momentum_low_turnover_v1,True,eligible,4,portfolio,0.13236367787163544,1.036232109935694,-0.10292160543293494,0.5039840637450199,1.5438863729412744
stress_slippage_0_005,0.005,0.00025,0.0005,legacy_momentum,legacy_momentum_low_turnover_v1,True,eligible,4,portfolio,-0.21683070464095475,-1.8911842144764275,-0.3129352491389605,0.4177330677290837,13.475825891070368
stress_slippage_0_005,0.005,0.00025,0.0005,quality_growth_price_v1,legacy_momentum_low_turnover_v1,True,eligible,4,portfolio,-0.23220457918356574,-2.7737194294074796,-0.2930339732154651,0.3937301832757138,24.79228539531689
stress_slippage_0_005,0.005,0.00025,0.0005,multifactor_volume_price_filter_v1,legacy_momentum_low_turnover_v1,True,eligible,4,portfolio,-0.3428865677127476,-3.631851007173625,-0.35891237940350584,0.3005321861939855,40.10625638721984
stress_slippage_0_005,0.005,0.00025,0.0005,residual_momentum_reversal_v1,legacy_momentum_low_turnover_v1,True,eligible,4,portfolio,-0.4447598883691387,-4.825440829813157,-0.4600060011341227,0.3373227188127342,29.591873217459533
stress_slippage_0_005,0.005,0.00025,0.0005,residual_momentum_reversal_v2,legacy_momentum_low_turnover_v1,True,eligible,4,portfolio,-0.5877274477985084,-5.881886732429381,-0.6054650731715113,0.30472496755009204,63.86739252365249
stress_slippage_0_005,0.005,0.00025,0.0005,ma_kline_baseline_v1,legacy_momentum_low_turnover_v1,True,eligible,4,portfolio,-0.6586589863515833,-6.9984341782170105,-0.6673952435433395,0.27745824263489166,40.65309256704453
low_slippage,0.0003,0.00025,0.0005,legacy_momentum_low_turnover_v1,legacy_momentum_low_turnover_v1,True,eligible,4,portfolio,0.13419368978523213,1.0094000885448406,-0.1117821181948935,0.5049800796812749,1.6131733963699588
low_slippage,0.0003,0.00025,0.0005,legacy_momentum,legacy_momentum_low_turnover_v1,True,eligible,4,portfolio,0.13315086563499234,0.6816141962846898,-0.16242510105950705,0.4915059760956175,13.475825891070368
low_slippage,0.0003,0.00025,0.0005,multifactor_volume_price_filter_v1,legacy_momentum_low_turnover_v1,True,eligible,4,portfolio,-1.0475711270996335e-05,0.0005191556329370989,-0.13818981005930195,0.46763656488919914,48.41230840123026
low_slippage,0.0003,0.00025,0.0005,residual_momentum_reversal_v1,legacy_momentum_low_turnover_v1,True,eligible,4,portfolio,-0.005306392891598899,-0.06960419833749262,-0.13009736054491622,0.48135072078024527,30.169983989125225
low_slippage,0.0003,0.00025,0.0005,quality_growth_price_v1,legacy_momentum_low_turnover_v1,True,eligible,4,portfolio,0.011003398599189335,-0.31167857128530896,-0.14333565191181405,0.47292684102300475,24.547474126481077
low_slippage,0.0003,0.00025,0.0005,residual_momentum_reversal_v2,legacy_momentum_low_turnover_v1,True,eligible,4,portfolio,-0.08017308619698413,-0.5226956121840223,-0.19757525107316,0.4397581003963484,59.08127092061222
low_slippage,0.0003,0.00025,0.0005,ma_kline_baseline_v1,legacy_momentum_low_turnover_v1,True,eligible,4,portfolio,-0.1311665650914299,-0.902513414231761,-0.2609554359707257,0.43082629477792106,41.964290607779056
zero_cost,0.0,0.0,0.0,legacy_momentum,legacy_momentum,True,eligible,4,portfolio,0.20670585223244964,1.1229094304746678,-0.14306976619844955,0.5024741035856574,13.475825891070368
zero_cost,0.0,0.0,0.0,legacy_momentum_low_turnover_v1,legacy_momentum,True,eligible,4,portfolio,0.10962397732130194,0.8371087731273272,-0.12156024038138716,0.5029880478087649,1.7433213171277235
zero_cost,0.0,0.0,0.0,residual_momentum_reversal_v1,legacy_momentum,True,eligible,4,portfolio,0.09814828196393455,0.7379972911449116,-0.10717704562472599,0.5114345350964513,30.169983989125225
zero_cost,0.0,0.0,0.0,multifactor_volume_price_filter_v1,legacy_momentum,True,eligible,4,portfolio,0.10016628599733735,0.6542472390261391,-0.10775219384620094,0.49961464171937375,47.9268049435709
zero_cost,0.0,0.0,0.0,residual_momentum_reversal_v2,legacy_momentum,True,eligible,4,portfolio,0.06340846814956205,0.48900888489902483,-0.14779333439348566,0.46685794449011553,59.08127092061222
zero_cost,0.0,0.0,0.0,ma_kline_baseline_v1,legacy_momentum,True,eligible,4,portfolio,0.014186253083167344,0.1052766576678417,-0.19779755620995013,0.45911096383592753,41.964290607779056
zero_cost,0.0,0.0,0.0,quality_growth_price_v1,legacy_momentum,True,eligible,4,portfolio,0.021925715467219525,-0.16766384598783235,-0.12058092723103056,0.489458575007216,25.33668612766558
