symbol,fold,train_start,train_end,valid_start,valid_end,annualized_return,sharpe,max_drawdown,win_rate,turnover_annual,trades,passed_min_samples,selected_params,candidate,strategy_id,strategy_display_name,strategy_category,panel_scope,supports_brief,supports_paper_trade,constraint_mode,industry_constraint_enabled,constraint_status,avg_industries,top_industry_avg_share,top_industry_p95_share,top_industry_max_share,top3_industries_avg_share,industry_constraint_violation_days,unknown_industry_weight_avg,account_execution_status,account_execution_enabled,financial_diagnostic_status,target_days,live_days,avg_target_holdings,avg_live_holdings,trade_days,first_target_date,first_target_symbols,universe_mode,universe_as_of_date,universe_symbol_count,universe_snapshot_count,universe_source,candidate_summary,selected_candidate,is_selected_candidate,candidate_eligible_for_selection,candidate_governance_reason,quality_explain_rows,quality_selected_rows,financial_pit_announce_coverage,selected_financial_pit_announce_coverage,financial_field_coverage_mean,selected_financial_field_coverage_mean,financial_missing_blocked_ratio,quality_score_mean,selected_quality_score_mean,selected_quality_score_lift,roe_coverage,cash_flow_coverage,profit_growth_coverage,revenue_growth_coverage,low_debt_coverage,selected_quality_roe_component_mean,selected_quality_cash_flow_component_mean,selected_quality_profit_growth_component_mean,selected_quality_revenue_growth_component_mean,selected_quality_low_debt_component_mean,selected_candidate_eligible,selected_candidate_governance_reason,walk_forward_preset,walk_forward_train_years,walk_forward_validate_years,walk_forward_start_date,walk_forward_end_date,walk_forward_expected_folds,walk_forward_actual_folds,walk_forward_fold_generation_warning,status,failure_reason
PORTFOLIO,1,2020-04-01,2024-03-29,2024-04-01,2025-03-31,-0.2996789251920092,-2.0322997271511887,-0.2889529254070279,0.35833333333333334,19.271779494370595,240,True,"legacy_mom5@q0.5,top_n=3,target_vol=0.18",legacy_momentum,legacy_momentum,Legacy Momentum,rule_based,portfolio,True,True,audit,True,audited,2.6458333333333335,0.18769317572241367,0.3333333333333333,0.6630109442148788,0.37540449705332885,14,0.0,not_enabled,False,not_applicable,241,240,3.0,3.0,240,2024-04-01,"['SZ.000100', 'SZ.002085', 'SZ.002920']",point_in_time,2024-03-29,120,5347,local_history_sqlite_as_of,"legacy_momentum: score=-1.4188, selection_score=-1000000.0000, eligible=False, ann=-0.1861, sharpe=-1.2195, mdd=-0.2125; legacy_momentum_low_turnover_v1: score=0.3845, selection_score=-1000000.0000, eligible=False, ann=0.0709, sharpe=0.4088, mdd=-0.1196; ma_kline_baseline_v1: score=-3.8512, selection_score=-1000000.0000, eligible=False, ann=-0.4461, sharpe=-3.4105, mdd=-0.4353; residual_momentum_reversal_v1: score=-2.6435, selection_score=-1000000.0000, eligible=False, ann=-0.2708, sharpe=-2.3739, mdd=-0.2684; residual_momentum_reversal_v2: score=-3.6185, selection_score=-1000000.0000, eligible=False, ann=-0.3977, sharpe=-3.2245, mdd=-0.3904; quality_growth_price_v1: score=-1.1368, selection_score=-1000000.0000, eligible=False, ann=-0.1165, sharpe=-0.9976, mdd=-0.1620; low_vol_low_turnover_quality_v1: score=0.6432, selection_score=-1000000.0000, eligible=False, ann=0.0794, sharpe=0.6575, mdd=-0.1081; quality_low_turnover_monthly_v1: score=0.6894, selection_score=-1000000.0000, eligible=False, ann=0.0707, sharpe=0.7038, mdd=-0.0996; multifactor_volume_price_filter_v1: score=-1.9254, selection_score=-1000000.0000, eligible=False, ann=-0.2128, sharpe=-1.6925, mdd=-0.2530; core_selection_quality_momentum_v1: score=-0.4088, selection_score=-1000000.0000, eligible=False, ann=-0.0403, sharpe=-0.3337, mdd=-0.1100; theme_exposure_momentum_v1: score=-0.6177, selection_score=-1000000.0000, eligible=False, ann=-0.0437, sharpe=-0.5313, mdd=-0.1291; sleeve_composite_v1: score=-2.2048, selection_score=-1000000.0000, eligible=False, ann=-0.3095, sharpe=-1.8734, mdd=-0.3533",quality_low_turnover_monthly_v1,False,False,portfolio_fold_count<4,,,,,,,,,,,,,,,,,,,,,,,quality_4y_1y,4,1,2020-04-01,2026-03-31,2,2,,ok,
PORTFOLIO,2,2021-04-01,2025-03-31,2025-04-01,2026-03-31,-0.07255707480090956,-0.4066193990651604,-0.13598383609332998,0.4730290456431535,15.134310805273271,241,True,"legacy_mom5@q0.5,top_n=3,target_vol=0.18",legacy_momentum,legacy_momentum,Legacy Momentum,rule_based,portfolio,True,True,audit,True,audited,2.4647302904564317,0.17709227700684108,0.31864121346980145,0.47754343740440236,0.32341819448084735,15,0.0,not_enabled,False,not_applicable,242,241,3.0,3.0,241,2025-04-01,"['SH.600276', 'SH.600126', 'SH.600418']",point_in_time,2025-03-31,120,5390,local_history_sqlite_as_of,"legacy_momentum: score=-1.4188, selection_score=-1000000.0000, eligible=False, ann=-0.1861, sharpe=-1.2195, mdd=-0.2125; legacy_momentum_low_turnover_v1: score=0.3845, selection_score=-1000000.0000, eligible=False, ann=0.0709, sharpe=0.4088, mdd=-0.1196; ma_kline_baseline_v1: score=-3.8512, selection_score=-1000000.0000, eligible=False, ann=-0.4461, sharpe=-3.4105, mdd=-0.4353; residual_momentum_reversal_v1: score=-2.6435, selection_score=-1000000.0000, eligible=False, ann=-0.2708, sharpe=-2.3739, mdd=-0.2684; residual_momentum_reversal_v2: score=-3.6185, selection_score=-1000000.0000, eligible=False, ann=-0.3977, sharpe=-3.2245, mdd=-0.3904; quality_growth_price_v1: score=-1.1368, selection_score=-1000000.0000, eligible=False, ann=-0.1165, sharpe=-0.9976, mdd=-0.1620; low_vol_low_turnover_quality_v1: score=0.6432, selection_score=-1000000.0000, eligible=False, ann=0.0794, sharpe=0.6575, mdd=-0.1081; quality_low_turnover_monthly_v1: score=0.6894, selection_score=-1000000.0000, eligible=False, ann=0.0707, sharpe=0.7038, mdd=-0.0996; multifactor_volume_price_filter_v1: score=-1.9254, selection_score=-1000000.0000, eligible=False, ann=-0.2128, sharpe=-1.6925, mdd=-0.2530; core_selection_quality_momentum_v1: score=-0.4088, selection_score=-1000000.0000, eligible=False, ann=-0.0403, sharpe=-0.3337, mdd=-0.1100; theme_exposure_momentum_v1: score=-0.6177, selection_score=-1000000.0000, eligible=False, ann=-0.0437, sharpe=-0.5313, mdd=-0.1291; sleeve_composite_v1: score=-2.2048, selection_score=-1000000.0000, eligible=False, ann=-0.3095, sharpe=-1.8734, mdd=-0.3533",quality_low_turnover_monthly_v1,False,False,portfolio_fold_count<4,,,,,,,,,,,,,,,,,,,,,,,quality_4y_1y,4,1,2020-04-01,2026-03-31,2,2,,ok,
PORTFOLIO,1,2020-04-01,2024-03-29,2024-04-01,2025-03-31,-0.11861655901972579,-0.9173913111371288,-0.14923734707879643,0.44583333333333336,3.105599476796164,24,True,"mom20@q0.6,hold_q=0.4,buy_top=10,hold_top=20,rebalance=10d,min_hold=5d,turnover_penalty=0.01,target_vol=0.18",legacy_momentum_low_turnover_v1,legacy_momentum_low_turnover_v1,Legacy Momentum Low Turnover,rule_based,portfolio,True,True,audit,True,audited,6.958333333333333,0.1283369159257211,0.30000000000000004,0.4960514054637591,0.2672601624185353,120,0.0,not_enabled,False,not_applicable,241,240,10.0,10.0,24,2024-04-01,"['SZ.002085', 'SH.600733', 'SH.603993', 'SH.601899', 'SZ.002920']",point_in_time,2024-03-29,120,5347,local_history_sqlite_as_of,"legacy_momentum: score=-1.4188, selection_score=-1000000.0000, eligible=False, ann=-0.1861, sharpe=-1.2195, mdd=-0.2125; legacy_momentum_low_turnover_v1: score=0.3845, selection_score=-1000000.0000, eligible=False, ann=0.0709, sharpe=0.4088, mdd=-0.1196; ma_kline_baseline_v1: score=-3.8512, selection_score=-1000000.0000, eligible=False, ann=-0.4461, sharpe=-3.4105, mdd=-0.4353; residual_momentum_reversal_v1: score=-2.6435, selection_score=-1000000.0000, eligible=False, ann=-0.2708, sharpe=-2.3739, mdd=-0.2684; residual_momentum_reversal_v2: score=-3.6185, selection_score=-1000000.0000, eligible=False, ann=-0.3977, sharpe=-3.2245, mdd=-0.3904; quality_growth_price_v1: score=-1.1368, selection_score=-1000000.0000, eligible=False, ann=-0.1165, sharpe=-0.9976, mdd=-0.1620; low_vol_low_turnover_quality_v1: score=0.6432, selection_score=-1000000.0000, eligible=False, ann=0.0794, sharpe=0.6575, mdd=-0.1081; quality_low_turnover_monthly_v1: score=0.6894, selection_score=-1000000.0000, eligible=False, ann=0.0707, sharpe=0.7038, mdd=-0.0996; multifactor_volume_price_filter_v1: score=-1.9254, selection_score=-1000000.0000, eligible=False, ann=-0.2128, sharpe=-1.6925, mdd=-0.2530; core_selection_quality_momentum_v1: score=-0.4088, selection_score=-1000000.0000, eligible=False, ann=-0.0403, sharpe=-0.3337, mdd=-0.1100; theme_exposure_momentum_v1: score=-0.6177, selection_score=-1000000.0000, eligible=False, ann=-0.0437, sharpe=-0.5313, mdd=-0.1291; sleeve_composite_v1: score=-2.2048, selection_score=-1000000.0000, eligible=False, ann=-0.3095, sharpe=-1.8734, mdd=-0.3533",quality_low_turnover_monthly_v1,False,False,portfolio_fold_count<4,,,,,,,,,,,,,,,,,,,,,,,quality_4y_1y,4,1,2020-04-01,2026-03-31,2,2,,ok,
PORTFOLIO,2,2021-04-01,2025-03-31,2025-04-01,2026-03-31,0.2603509126597605,1.7350570238451646,-0.08995357573835494,0.48132780082987553,2.07244225393525,15,True,"mom20@q0.6,hold_q=0.4,buy_top=5,hold_top=10,rebalance=20d,min_hold=5d,turnover_penalty=0.01,target_vol=0.18",legacy_momentum_low_turnover_v1,legacy_momentum_low_turnover_v1,Legacy Momentum Low Turnover,rule_based,portfolio,True,True,audit,True,audited,3.5020746887966805,0.1546412811674725,0.3808500515822535,0.3808500515822535,0.29408247138827737,100,0.0,not_enabled,False,not_applicable,242,241,4.975206611570248,4.975103734439834,15,2025-04-01,"['SZ.300476', 'SH.603259', 'SH.600276', 'SH.601899', 'SH.603993']",point_in_time,2025-03-31,120,5390,local_history_sqlite_as_of,"legacy_momentum: score=-1.4188, selection_score=-1000000.0000, eligible=False, ann=-0.1861, sharpe=-1.2195, mdd=-0.2125; legacy_momentum_low_turnover_v1: score=0.3845, selection_score=-1000000.0000, eligible=False, ann=0.0709, sharpe=0.4088, mdd=-0.1196; ma_kline_baseline_v1: score=-3.8512, selection_score=-1000000.0000, eligible=False, ann=-0.4461, sharpe=-3.4105, mdd=-0.4353; residual_momentum_reversal_v1: score=-2.6435, selection_score=-1000000.0000, eligible=False, ann=-0.2708, sharpe=-2.3739, mdd=-0.2684; residual_momentum_reversal_v2: score=-3.6185, selection_score=-1000000.0000, eligible=False, ann=-0.3977, sharpe=-3.2245, mdd=-0.3904; quality_growth_price_v1: score=-1.1368, selection_score=-1000000.0000, eligible=False, ann=-0.1165, sharpe=-0.9976, mdd=-0.1620; low_vol_low_turnover_quality_v1: score=0.6432, selection_score=-1000000.0000, eligible=False, ann=0.0794, sharpe=0.6575, mdd=-0.1081; quality_low_turnover_monthly_v1: score=0.6894, selection_score=-1000000.0000, eligible=False, ann=0.0707, sharpe=0.7038, mdd=-0.0996; multifactor_volume_price_filter_v1: score=-1.9254, selection_score=-1000000.0000, eligible=False, ann=-0.2128, sharpe=-1.6925, mdd=-0.2530; core_selection_quality_momentum_v1: score=-0.4088, selection_score=-1000000.0000, eligible=False, ann=-0.0403, sharpe=-0.3337, mdd=-0.1100; theme_exposure_momentum_v1: score=-0.6177, selection_score=-1000000.0000, eligible=False, ann=-0.0437, sharpe=-0.5313, mdd=-0.1291; sleeve_composite_v1: score=-2.2048, selection_score=-1000000.0000, eligible=False, ann=-0.3095, sharpe=-1.8734, mdd=-0.3533",quality_low_turnover_monthly_v1,False,False,portfolio_fold_count<4,,,,,,,,,,,,,,,,,,,,,,,quality_4y_1y,4,1,2020-04-01,2026-03-31,2,2,,ok,
PORTFOLIO,1,2020-04-01,2024-03-29,2024-04-01,2025-03-31,-0.5222847245159177,-4.114099702459688,-0.5096679389983698,0.3456221198156682,44.17169902971166,228,True,"ma20>ma60,amount>=1.0,upper_shadow<=1.5,vol@q0.75,target_vol=0.18,top_n=3",ma_kline_baseline_v1,ma_kline_baseline_v1,MA/K-line Baseline,rule_based,portfolio,True,True,audit,True,audited,2.423963133640553,0.3858150339655999,0.8916818638431954,0.9933087253768386,0.6485421962417125,79,0.0,not_enabled,False,not_applicable,218,217,2.885321100917431,2.8847926267281108,228,2024-04-01,"['SZ.002714', 'SH.601390', 'SH.600309']",point_in_time,2024-03-29,120,5347,local_history_sqlite_as_of,"legacy_momentum: score=-1.4188, selection_score=-1000000.0000, eligible=False, ann=-0.1861, sharpe=-1.2195, mdd=-0.2125; legacy_momentum_low_turnover_v1: score=0.3845, selection_score=-1000000.0000, eligible=False, ann=0.0709, sharpe=0.4088, mdd=-0.1196; ma_kline_baseline_v1: score=-3.8512, selection_score=-1000000.0000, eligible=False, ann=-0.4461, sharpe=-3.4105, mdd=-0.4353; residual_momentum_reversal_v1: score=-2.6435, selection_score=-1000000.0000, eligible=False, ann=-0.2708, sharpe=-2.3739, mdd=-0.2684; residual_momentum_reversal_v2: score=-3.6185, selection_score=-1000000.0000, eligible=False, ann=-0.3977, sharpe=-3.2245, mdd=-0.3904; quality_growth_price_v1: score=-1.1368, selection_score=-1000000.0000, eligible=False, ann=-0.1165, sharpe=-0.9976, mdd=-0.1620; low_vol_low_turnover_quality_v1: score=0.6432, selection_score=-1000000.0000, eligible=False, ann=0.0794, sharpe=0.6575, mdd=-0.1081; quality_low_turnover_monthly_v1: score=0.6894, selection_score=-1000000.0000, eligible=False, ann=0.0707, sharpe=0.7038, mdd=-0.0996; multifactor_volume_price_filter_v1: score=-1.9254, selection_score=-1000000.0000, eligible=False, ann=-0.2128, sharpe=-1.6925, mdd=-0.2530; core_selection_quality_momentum_v1: score=-0.4088, selection_score=-1000000.0000, eligible=False, ann=-0.0403, sharpe=-0.3337, mdd=-0.1100; theme_exposure_momentum_v1: score=-0.6177, selection_score=-1000000.0000, eligible=False, ann=-0.0437, sharpe=-0.5313, mdd=-0.1291; sleeve_composite_v1: score=-2.2048, selection_score=-1000000.0000, eligible=False, ann=-0.3095, sharpe=-1.8734, mdd=-0.3533",quality_low_turnover_monthly_v1,False,False,portfolio_fold_count<4,,,,,,,,,,,,,,,,,,,,,,,quality_4y_1y,4,1,2020-04-01,2026-03-31,2,2,,ok,
PORTFOLIO,2,2021-04-01,2025-03-31,2025-04-01,2026-03-31,-0.3699130802450722,-2.706972811361018,-0.36092938626094173,0.3853211009174312,47.85417463653926,234,True,"ma20>ma60,amount>=1.2,upper_shadow<=1.5,vol@q0.75,target_vol=0.18,top_n=3",ma_kline_baseline_v1,ma_kline_baseline_v1,MA/K-line Baseline,rule_based,portfolio,True,True,audit,True,audited,2.3486238532110093,0.3502415455168877,0.7407100132295144,1.0,0.5837359528779855,65,0.0,not_enabled,False,not_applicable,219,218,2.538812785388128,2.5458715596330275,234,2025-04-01,"['SH.600276', 'SZ.000333', 'SH.601988']",point_in_time,2025-03-31,120,5390,local_history_sqlite_as_of,"legacy_momentum: score=-1.4188, selection_score=-1000000.0000, eligible=False, ann=-0.1861, sharpe=-1.2195, mdd=-0.2125; legacy_momentum_low_turnover_v1: score=0.3845, selection_score=-1000000.0000, eligible=False, ann=0.0709, sharpe=0.4088, mdd=-0.1196; ma_kline_baseline_v1: score=-3.8512, selection_score=-1000000.0000, eligible=False, ann=-0.4461, sharpe=-3.4105, mdd=-0.4353; residual_momentum_reversal_v1: score=-2.6435, selection_score=-1000000.0000, eligible=False, ann=-0.2708, sharpe=-2.3739, mdd=-0.2684; residual_momentum_reversal_v2: score=-3.6185, selection_score=-1000000.0000, eligible=False, ann=-0.3977, sharpe=-3.2245, mdd=-0.3904; quality_growth_price_v1: score=-1.1368, selection_score=-1000000.0000, eligible=False, ann=-0.1165, sharpe=-0.9976, mdd=-0.1620; low_vol_low_turnover_quality_v1: score=0.6432, selection_score=-1000000.0000, eligible=False, ann=0.0794, sharpe=0.6575, mdd=-0.1081; quality_low_turnover_monthly_v1: score=0.6894, selection_score=-1000000.0000, eligible=False, ann=0.0707, sharpe=0.7038, mdd=-0.0996; multifactor_volume_price_filter_v1: score=-1.9254, selection_score=-1000000.0000, eligible=False, ann=-0.2128, sharpe=-1.6925, mdd=-0.2530; core_selection_quality_momentum_v1: score=-0.4088, selection_score=-1000000.0000, eligible=False, ann=-0.0403, sharpe=-0.3337, mdd=-0.1100; theme_exposure_momentum_v1: score=-0.6177, selection_score=-1000000.0000, eligible=False, ann=-0.0437, sharpe=-0.5313, mdd=-0.1291; sleeve_composite_v1: score=-2.2048, selection_score=-1000000.0000, eligible=False, ann=-0.3095, sharpe=-1.8734, mdd=-0.3533",quality_low_turnover_monthly_v1,False,False,portfolio_fold_count<4,,,,,,,,,,,,,,,,,,,,,,,quality_4y_1y,4,1,2020-04-01,2026-03-31,2,2,,ok,
PORTFOLIO,1,2020-04-01,2024-03-29,2024-04-01,2025-03-31,-0.3137455793316074,-3.0201100092429867,-0.30237392004566077,0.42727272727272725,35.76507599041865,222,True,"resid_mom20@q0.6,reversal_mom3<=q0.7,ma60,vol@q0.75,target_vol=0.18,top_n=3,xmarket_overlay=True",residual_momentum_reversal_v1,residual_momentum_reversal_v1,Residual Momentum Reversal V1,factor,portfolio,True,True,audit,True,audited,2.6227272727272726,0.2714635667057933,0.6242670975538902,0.9415927380595732,0.5204693323138156,41,0.0,not_enabled,False,not_applicable,221,220,2.909502262443439,2.909090909090909,222,2024-04-01,"['SZ.002594', 'SH.601600', 'SZ.002475']",point_in_time,2024-03-29,120,5347,local_history_sqlite_as_of,"legacy_momentum: score=-1.4188, selection_score=-1000000.0000, eligible=False, ann=-0.1861, sharpe=-1.2195, mdd=-0.2125; legacy_momentum_low_turnover_v1: score=0.3845, selection_score=-1000000.0000, eligible=False, ann=0.0709, sharpe=0.4088, mdd=-0.1196; ma_kline_baseline_v1: score=-3.8512, selection_score=-1000000.0000, eligible=False, ann=-0.4461, sharpe=-3.4105, mdd=-0.4353; residual_momentum_reversal_v1: score=-2.6435, selection_score=-1000000.0000, eligible=False, ann=-0.2708, sharpe=-2.3739, mdd=-0.2684; residual_momentum_reversal_v2: score=-3.6185, selection_score=-1000000.0000, eligible=False, ann=-0.3977, sharpe=-3.2245, mdd=-0.3904; quality_growth_price_v1: score=-1.1368, selection_score=-1000000.0000, eligible=False, ann=-0.1165, sharpe=-0.9976, mdd=-0.1620; low_vol_low_turnover_quality_v1: score=0.6432, selection_score=-1000000.0000, eligible=False, ann=0.0794, sharpe=0.6575, mdd=-0.1081; quality_low_turnover_monthly_v1: score=0.6894, selection_score=-1000000.0000, eligible=False, ann=0.0707, sharpe=0.7038, mdd=-0.0996; multifactor_volume_price_filter_v1: score=-1.9254, selection_score=-1000000.0000, eligible=False, ann=-0.2128, sharpe=-1.6925, mdd=-0.2530; core_selection_quality_momentum_v1: score=-0.4088, selection_score=-1000000.0000, eligible=False, ann=-0.0403, sharpe=-0.3337, mdd=-0.1100; theme_exposure_momentum_v1: score=-0.6177, selection_score=-1000000.0000, eligible=False, ann=-0.0437, sharpe=-0.5313, mdd=-0.1291; sleeve_composite_v1: score=-2.2048, selection_score=-1000000.0000, eligible=False, ann=-0.3095, sharpe=-1.8734, mdd=-0.3533",quality_low_turnover_monthly_v1,False,False,portfolio_fold_count<4,,,,,,,,,,,,,,,,,,,,,,,quality_4y_1y,4,1,2020-04-01,2026-03-31,2,2,,ok,
PORTFOLIO,2,2021-04-01,2025-03-31,2025-04-01,2026-03-31,-0.2277646721616795,-1.7276529976334953,-0.23443215683648055,0.4345991561181435,32.047164136581536,241,True,"resid_mom20@q0.6,reversal_mom3<=q0.7,ma60,vol@q0.75,target_vol=0.18,top_n=3,xmarket_overlay=True",residual_momentum_reversal_v1,residual_momentum_reversal_v1,Residual Momentum Reversal V1,factor,portfolio,True,True,audit,True,audited,2.6751054852320677,0.2355815532092696,0.5225231380899193,1.0,0.46973359061882136,28,0.0,not_enabled,False,not_applicable,238,237,2.8907563025210083,2.890295358649789,241,2025-04-01,"['SH.603993', 'SZ.002594', 'SH.600809']",point_in_time,2025-03-31,120,5390,local_history_sqlite_as_of,"legacy_momentum: score=-1.4188, selection_score=-1000000.0000, eligible=False, ann=-0.1861, sharpe=-1.2195, mdd=-0.2125; legacy_momentum_low_turnover_v1: score=0.3845, selection_score=-1000000.0000, eligible=False, ann=0.0709, sharpe=0.4088, mdd=-0.1196; ma_kline_baseline_v1: score=-3.8512, selection_score=-1000000.0000, eligible=False, ann=-0.4461, sharpe=-3.4105, mdd=-0.4353; residual_momentum_reversal_v1: score=-2.6435, selection_score=-1000000.0000, eligible=False, ann=-0.2708, sharpe=-2.3739, mdd=-0.2684; residual_momentum_reversal_v2: score=-3.6185, selection_score=-1000000.0000, eligible=False, ann=-0.3977, sharpe=-3.2245, mdd=-0.3904; quality_growth_price_v1: score=-1.1368, selection_score=-1000000.0000, eligible=False, ann=-0.1165, sharpe=-0.9976, mdd=-0.1620; low_vol_low_turnover_quality_v1: score=0.6432, selection_score=-1000000.0000, eligible=False, ann=0.0794, sharpe=0.6575, mdd=-0.1081; quality_low_turnover_monthly_v1: score=0.6894, selection_score=-1000000.0000, eligible=False, ann=0.0707, sharpe=0.7038, mdd=-0.0996; multifactor_volume_price_filter_v1: score=-1.9254, selection_score=-1000000.0000, eligible=False, ann=-0.2128, sharpe=-1.6925, mdd=-0.2530; core_selection_quality_momentum_v1: score=-0.4088, selection_score=-1000000.0000, eligible=False, ann=-0.0403, sharpe=-0.3337, mdd=-0.1100; theme_exposure_momentum_v1: score=-0.6177, selection_score=-1000000.0000, eligible=False, ann=-0.0437, sharpe=-0.5313, mdd=-0.1291; sleeve_composite_v1: score=-2.2048, selection_score=-1000000.0000, eligible=False, ann=-0.3095, sharpe=-1.8734, mdd=-0.3533",quality_low_turnover_monthly_v1,False,False,portfolio_fold_count<4,,,,,,,,,,,,,,,,,,,,,,,quality_4y_1y,4,1,2020-04-01,2026-03-31,2,2,,ok,
PORTFOLIO,1,2020-04-01,2024-03-29,2024-04-01,2025-03-31,-0.4514594261098446,-3.941057082013969,-0.43689095758665664,0.41605839416058393,73.68608085438045,173,True,"resid_mom20@q0.6,reversal_mom3<=q0.7,ma20,vol@q0.6,amt>=1.2,upper_shadow<=1.5,gap<=0.03,target_vol=0.18,top_n=3,xmarket_overlay=False",residual_momentum_reversal_v2,residual_momentum_reversal_v2,Residual Momentum Reversal V2,factor,portfolio,True,True,audit,True,audited,1.802919708029197,0.5323407741804272,1.0,1.0,0.7331448614604248,98,0.0,not_enabled,False,not_applicable,138,137,1.9710144927536233,1.9708029197080292,174,2024-04-01,['SH.601600'],point_in_time,2024-03-29,120,5347,local_history_sqlite_as_of,"legacy_momentum: score=-1.4188, selection_score=-1000000.0000, eligible=False, ann=-0.1861, sharpe=-1.2195, mdd=-0.2125; legacy_momentum_low_turnover_v1: score=0.3845, selection_score=-1000000.0000, eligible=False, ann=0.0709, sharpe=0.4088, mdd=-0.1196; ma_kline_baseline_v1: score=-3.8512, selection_score=-1000000.0000, eligible=False, ann=-0.4461, sharpe=-3.4105, mdd=-0.4353; residual_momentum_reversal_v1: score=-2.6435, selection_score=-1000000.0000, eligible=False, ann=-0.2708, sharpe=-2.3739, mdd=-0.2684; residual_momentum_reversal_v2: score=-3.6185, selection_score=-1000000.0000, eligible=False, ann=-0.3977, sharpe=-3.2245, mdd=-0.3904; quality_growth_price_v1: score=-1.1368, selection_score=-1000000.0000, eligible=False, ann=-0.1165, sharpe=-0.9976, mdd=-0.1620; low_vol_low_turnover_quality_v1: score=0.6432, selection_score=-1000000.0000, eligible=False, ann=0.0794, sharpe=0.6575, mdd=-0.1081; quality_low_turnover_monthly_v1: score=0.6894, selection_score=-1000000.0000, eligible=False, ann=0.0707, sharpe=0.7038, mdd=-0.0996; multifactor_volume_price_filter_v1: score=-1.9254, selection_score=-1000000.0000, eligible=False, ann=-0.2128, sharpe=-1.6925, mdd=-0.2530; core_selection_quality_momentum_v1: score=-0.4088, selection_score=-1000000.0000, eligible=False, ann=-0.0403, sharpe=-0.3337, mdd=-0.1100; theme_exposure_momentum_v1: score=-0.6177, selection_score=-1000000.0000, eligible=False, ann=-0.0437, sharpe=-0.5313, mdd=-0.1291; sleeve_composite_v1: score=-2.2048, selection_score=-1000000.0000, eligible=False, ann=-0.3095, sharpe=-1.8734, mdd=-0.3533",quality_low_turnover_monthly_v1,False,False,portfolio_fold_count<4,,,,,,,,,,,,,,,,,,,,,,,quality_4y_1y,4,1,2020-04-01,2026-03-31,2,2,,ok,
PORTFOLIO,2,2021-04-01,2025-03-31,2025-04-01,2026-03-31,-0.34397963513366203,-2.507851429135179,-0.34389383795585127,0.30708661417322836,82.48894512765976,172,True,"resid_mom5@q0.6,reversal_mom3<=q0.7,ma20,vol@q0.6,amt>=1.2,upper_shadow<=1.5,gap<=0.03,target_vol=0.18,top_n=3,xmarket_overlay=False",residual_momentum_reversal_v2,residual_momentum_reversal_v2,Residual Momentum Reversal V2,factor,portfolio,True,True,audit,True,audited,1.8346456692913387,0.5096652435469538,1.0,1.0,0.7259238971846562,82,0.0,not_enabled,False,not_applicable,127,127,1.984251968503937,1.968503937007874,173,2025-04-01,"['SH.601988', 'SZ.300274']",point_in_time,2025-03-31,120,5390,local_history_sqlite_as_of,"legacy_momentum: score=-1.4188, selection_score=-1000000.0000, eligible=False, ann=-0.1861, sharpe=-1.2195, mdd=-0.2125; legacy_momentum_low_turnover_v1: score=0.3845, selection_score=-1000000.0000, eligible=False, ann=0.0709, sharpe=0.4088, mdd=-0.1196; ma_kline_baseline_v1: score=-3.8512, selection_score=-1000000.0000, eligible=False, ann=-0.4461, sharpe=-3.4105, mdd=-0.4353; residual_momentum_reversal_v1: score=-2.6435, selection_score=-1000000.0000, eligible=False, ann=-0.2708, sharpe=-2.3739, mdd=-0.2684; residual_momentum_reversal_v2: score=-3.6185, selection_score=-1000000.0000, eligible=False, ann=-0.3977, sharpe=-3.2245, mdd=-0.3904; quality_growth_price_v1: score=-1.1368, selection_score=-1000000.0000, eligible=False, ann=-0.1165, sharpe=-0.9976, mdd=-0.1620; low_vol_low_turnover_quality_v1: score=0.6432, selection_score=-1000000.0000, eligible=False, ann=0.0794, sharpe=0.6575, mdd=-0.1081; quality_low_turnover_monthly_v1: score=0.6894, selection_score=-1000000.0000, eligible=False, ann=0.0707, sharpe=0.7038, mdd=-0.0996; multifactor_volume_price_filter_v1: score=-1.9254, selection_score=-1000000.0000, eligible=False, ann=-0.2128, sharpe=-1.6925, mdd=-0.2530; core_selection_quality_momentum_v1: score=-0.4088, selection_score=-1000000.0000, eligible=False, ann=-0.0403, sharpe=-0.3337, mdd=-0.1100; theme_exposure_momentum_v1: score=-0.6177, selection_score=-1000000.0000, eligible=False, ann=-0.0437, sharpe=-0.5313, mdd=-0.1291; sleeve_composite_v1: score=-2.2048, selection_score=-1000000.0000, eligible=False, ann=-0.3095, sharpe=-1.8734, mdd=-0.3533",quality_low_turnover_monthly_v1,False,False,portfolio_fold_count<4,,,,,,,,,,,,,,,,,,,,,,,quality_4y_1y,4,1,2020-04-01,2026-03-31,2,2,,ok,
PORTFOLIO,1,2020-04-01,2024-03-29,2024-04-01,2025-03-31,-0.18515377960282975,-1.6974449298849732,-0.1824105443973153,0.3958333333333333,25.9628661720371,240,True,"quality_growth@q0.7,ma60,vol@q0.75,target_vol=0.18,top_n=10,xmarket_overlay=True",quality_growth_price_v1,quality_growth_price_v1,Quality Growth Price,factor,portfolio,True,True,audit,True,audited,6.333333333333333,0.17821937770798957,0.3333333333333333,0.6187690830812299,0.36003747004165615,111,0.0,not_enabled,False,not_available,241,240,8.049792531120332,8.041666666666666,240,2024-04-01,"['SZ.300896', 'SZ.002594', 'SZ.002027', 'SH.601888', 'SH.600519']",point_in_time,2024-03-29,120,5347,local_history_sqlite_as_of,"legacy_momentum: score=-1.4188, selection_score=-1000000.0000, eligible=False, ann=-0.1861, sharpe=-1.2195, mdd=-0.2125; legacy_momentum_low_turnover_v1: score=0.3845, selection_score=-1000000.0000, eligible=False, ann=0.0709, sharpe=0.4088, mdd=-0.1196; ma_kline_baseline_v1: score=-3.8512, selection_score=-1000000.0000, eligible=False, ann=-0.4461, sharpe=-3.4105, mdd=-0.4353; residual_momentum_reversal_v1: score=-2.6435, selection_score=-1000000.0000, eligible=False, ann=-0.2708, sharpe=-2.3739, mdd=-0.2684; residual_momentum_reversal_v2: score=-3.6185, selection_score=-1000000.0000, eligible=False, ann=-0.3977, sharpe=-3.2245, mdd=-0.3904; quality_growth_price_v1: score=-1.1368, selection_score=-1000000.0000, eligible=False, ann=-0.1165, sharpe=-0.9976, mdd=-0.1620; low_vol_low_turnover_quality_v1: score=0.6432, selection_score=-1000000.0000, eligible=False, ann=0.0794, sharpe=0.6575, mdd=-0.1081; quality_low_turnover_monthly_v1: score=0.6894, selection_score=-1000000.0000, eligible=False, ann=0.0707, sharpe=0.7038, mdd=-0.0996; multifactor_volume_price_filter_v1: score=-1.9254, selection_score=-1000000.0000, eligible=False, ann=-0.2128, sharpe=-1.6925, mdd=-0.2530; core_selection_quality_momentum_v1: score=-0.4088, selection_score=-1000000.0000, eligible=False, ann=-0.0403, sharpe=-0.3337, mdd=-0.1100; theme_exposure_momentum_v1: score=-0.6177, selection_score=-1000000.0000, eligible=False, ann=-0.0437, sharpe=-0.5313, mdd=-0.1291; sleeve_composite_v1: score=-2.2048, selection_score=-1000000.0000, eligible=False, ann=-0.3095, sharpe=-1.8734, mdd=-0.3533",quality_low_turnover_monthly_v1,False,False,portfolio_fold_count<4,,,,,,,,,,,,,,,,,,,,,,,quality_4y_1y,4,1,2020-04-01,2026-03-31,2,2,,ok,
PORTFOLIO,2,2021-04-01,2025-03-31,2025-04-01,2026-03-31,-0.04774808758671523,-0.2977784367767513,-0.1415529038846156,0.48535564853556484,23.852423596651345,240,True,"quality_growth@q0.7,ma60,vol@q0.6,target_vol=0.18,top_n=10,xmarket_overlay=True",quality_growth_price_v1,quality_growth_price_v1,Quality Growth Price,factor,portfolio,True,True,audit,True,audited,5.7489539748953975,0.1843089553049016,0.3333333333333333,0.7032277296029561,0.3943363571736368,53,0.0,not_enabled,False,not_available,240,239,6.7,6.7196652719665275,240,2025-04-01,"['SZ.002714', 'SH.601919', 'SH.601600', 'SH.600809', 'SH.688008']",point_in_time,2025-03-31,120,5390,local_history_sqlite_as_of,"legacy_momentum: score=-1.4188, selection_score=-1000000.0000, eligible=False, ann=-0.1861, sharpe=-1.2195, mdd=-0.2125; legacy_momentum_low_turnover_v1: score=0.3845, selection_score=-1000000.0000, eligible=False, ann=0.0709, sharpe=0.4088, mdd=-0.1196; ma_kline_baseline_v1: score=-3.8512, selection_score=-1000000.0000, eligible=False, ann=-0.4461, sharpe=-3.4105, mdd=-0.4353; residual_momentum_reversal_v1: score=-2.6435, selection_score=-1000000.0000, eligible=False, ann=-0.2708, sharpe=-2.3739, mdd=-0.2684; residual_momentum_reversal_v2: score=-3.6185, selection_score=-1000000.0000, eligible=False, ann=-0.3977, sharpe=-3.2245, mdd=-0.3904; quality_growth_price_v1: score=-1.1368, selection_score=-1000000.0000, eligible=False, ann=-0.1165, sharpe=-0.9976, mdd=-0.1620; low_vol_low_turnover_quality_v1: score=0.6432, selection_score=-1000000.0000, eligible=False, ann=0.0794, sharpe=0.6575, mdd=-0.1081; quality_low_turnover_monthly_v1: score=0.6894, selection_score=-1000000.0000, eligible=False, ann=0.0707, sharpe=0.7038, mdd=-0.0996; multifactor_volume_price_filter_v1: score=-1.9254, selection_score=-1000000.0000, eligible=False, ann=-0.2128, sharpe=-1.6925, mdd=-0.2530; core_selection_quality_momentum_v1: score=-0.4088, selection_score=-1000000.0000, eligible=False, ann=-0.0403, sharpe=-0.3337, mdd=-0.1100; theme_exposure_momentum_v1: score=-0.6177, selection_score=-1000000.0000, eligible=False, ann=-0.0437, sharpe=-0.5313, mdd=-0.1291; sleeve_composite_v1: score=-2.2048, selection_score=-1000000.0000, eligible=False, ann=-0.3095, sharpe=-1.8734, mdd=-0.3533",quality_low_turnover_monthly_v1,False,False,portfolio_fold_count<4,,,,,,,,,,,,,,,,,,,,,,,quality_4y_1y,4,1,2020-04-01,2026-03-31,2,2,,ok,
PORTFOLIO,1,2020-04-01,2024-03-29,2024-04-01,2025-03-31,-0.013501346881924503,-0.06894461435208281,-0.13731730892207206,0.475,2.3582942871261223,6,True,"low_vol_low_turnover_quality@q0.6,vol_window=20,vol_q=0.5,turnover_q=0.5,mom60,buy_top=20,hold_top=40,rebalance=40d,min_hold=20d,max_w=0.1,target_vol=0.18,turnover_penalty=0.02",low_vol_low_turnover_quality_v1,low_vol_low_turnover_quality_v1,Low Vol Low Turnover Quality,factor,portfolio,False,False,audit,True,audited,10.2,0.14308405912944766,0.20555403986059123,0.20555403986059123,0.32882099752523947,40,0.0,not_enabled,False,available,201,200,12.238805970149254,12.2,6,2024-04-01,"['SH.600919', 'SZ.300760', 'SZ.300896', 'SZ.002371', 'SZ.002050']",point_in_time,2024-03-29,120,5347,local_history_sqlite_as_of,"legacy_momentum: score=-1.4188, selection_score=-1000000.0000, eligible=False, ann=-0.1861, sharpe=-1.2195, mdd=-0.2125; legacy_momentum_low_turnover_v1: score=0.3845, selection_score=-1000000.0000, eligible=False, ann=0.0709, sharpe=0.4088, mdd=-0.1196; ma_kline_baseline_v1: score=-3.8512, selection_score=-1000000.0000, eligible=False, ann=-0.4461, sharpe=-3.4105, mdd=-0.4353; residual_momentum_reversal_v1: score=-2.6435, selection_score=-1000000.0000, eligible=False, ann=-0.2708, sharpe=-2.3739, mdd=-0.2684; residual_momentum_reversal_v2: score=-3.6185, selection_score=-1000000.0000, eligible=False, ann=-0.3977, sharpe=-3.2245, mdd=-0.3904; quality_growth_price_v1: score=-1.1368, selection_score=-1000000.0000, eligible=False, ann=-0.1165, sharpe=-0.9976, mdd=-0.1620; low_vol_low_turnover_quality_v1: score=0.6432, selection_score=-1000000.0000, eligible=False, ann=0.0794, sharpe=0.6575, mdd=-0.1081; quality_low_turnover_monthly_v1: score=0.6894, selection_score=-1000000.0000, eligible=False, ann=0.0707, sharpe=0.7038, mdd=-0.0996; multifactor_volume_price_filter_v1: score=-1.9254, selection_score=-1000000.0000, eligible=False, ann=-0.2128, sharpe=-1.6925, mdd=-0.2530; core_selection_quality_momentum_v1: score=-0.4088, selection_score=-1000000.0000, eligible=False, ann=-0.0403, sharpe=-0.3337, mdd=-0.1100; theme_exposure_momentum_v1: score=-0.6177, selection_score=-1000000.0000, eligible=False, ann=-0.0437, sharpe=-0.5313, mdd=-0.1291; sleeve_composite_v1: score=-2.2048, selection_score=-1000000.0000, eligible=False, ann=-0.3095, sharpe=-1.8734, mdd=-0.3533",quality_low_turnover_monthly_v1,False,False,portfolio_fold_count<4,28910.0,2460.0,1.0,1.0,1.0,1.0,0.0,0.5041681079211345,0.6621380960920953,0.15796998817096075,1.0,1.0,1.0,1.0,1.0,0.7665732532850539,0.5829856698777072,0.6808691159390586,0.6107892384596115,0.585178514495229,,,quality_4y_1y,4,1,2020-04-01,2026-03-31,2,2,,ok,
PORTFOLIO,2,2021-04-01,2025-03-31,2025-04-01,2026-03-31,0.17240091438533445,1.3839197582922076,-0.07890654665563124,0.5103734439834025,2.6193236177564034,7,True,"low_vol_low_turnover_quality@q0.6,vol_window=20,vol_q=0.5,turnover_q=0.5,mom60,buy_top=10,hold_top=20,rebalance=40d,min_hold=20d,max_w=0.1,target_vol=0.18,turnover_penalty=0.02",low_vol_low_turnover_quality_v1,low_vol_low_turnover_quality_v1,Low Vol Low Turnover Quality,factor,portfolio,False,False,audit,True,audited,6.340248962655601,0.2015708675098493,0.3085357713876379,0.3085357713876379,0.39043818740262365,120,0.0,not_enabled,False,available,242,241,8.181818181818182,8.174273858921161,7,2025-04-01,"['SH.603501', 'SH.601919', 'SH.600809', 'SH.600900', 'SZ.300251']",point_in_time,2025-03-31,120,5390,local_history_sqlite_as_of,"legacy_momentum: score=-1.4188, selection_score=-1000000.0000, eligible=False, ann=-0.1861, sharpe=-1.2195, mdd=-0.2125; legacy_momentum_low_turnover_v1: score=0.3845, selection_score=-1000000.0000, eligible=False, ann=0.0709, sharpe=0.4088, mdd=-0.1196; ma_kline_baseline_v1: score=-3.8512, selection_score=-1000000.0000, eligible=False, ann=-0.4461, sharpe=-3.4105, mdd=-0.4353; residual_momentum_reversal_v1: score=-2.6435, selection_score=-1000000.0000, eligible=False, ann=-0.2708, sharpe=-2.3739, mdd=-0.2684; residual_momentum_reversal_v2: score=-3.6185, selection_score=-1000000.0000, eligible=False, ann=-0.3977, sharpe=-3.2245, mdd=-0.3904; quality_growth_price_v1: score=-1.1368, selection_score=-1000000.0000, eligible=False, ann=-0.1165, sharpe=-0.9976, mdd=-0.1620; low_vol_low_turnover_quality_v1: score=0.6432, selection_score=-1000000.0000, eligible=False, ann=0.0794, sharpe=0.6575, mdd=-0.1081; quality_low_turnover_monthly_v1: score=0.6894, selection_score=-1000000.0000, eligible=False, ann=0.0707, sharpe=0.7038, mdd=-0.0996; multifactor_volume_price_filter_v1: score=-1.9254, selection_score=-1000000.0000, eligible=False, ann=-0.2128, sharpe=-1.6925, mdd=-0.2530; core_selection_quality_momentum_v1: score=-0.4088, selection_score=-1000000.0000, eligible=False, ann=-0.0403, sharpe=-0.3337, mdd=-0.1100; theme_exposure_momentum_v1: score=-0.6177, selection_score=-1000000.0000, eligible=False, ann=-0.0437, sharpe=-0.5313, mdd=-0.1291; sleeve_composite_v1: score=-2.2048, selection_score=-1000000.0000, eligible=False, ann=-0.3095, sharpe=-1.8734, mdd=-0.3533",quality_low_turnover_monthly_v1,False,False,portfolio_fold_count<4,28955.0,1980.0,1.0,1.0,1.0,1.0,0.0,0.5041788982904507,0.6492186503560506,0.14503975206559994,1.0,1.0,1.0,1.0,1.0,0.7161394166466452,0.5852098613371047,0.6980426040900867,0.6550220514502668,0.5298201637271925,,,quality_4y_1y,4,1,2020-04-01,2026-03-31,2,2,,ok,
PORTFOLIO,1,2020-04-01,2024-03-29,2024-04-01,2025-03-31,-0.020970454309566455,-0.1516496682685701,-0.13166862668016988,0.48,2.2133870430697438,6,True,"quality_low_turnover_monthly@q0.6,vol_window=20,vol_q=0.6,turnover_q=0.5,top_n=20,hold_top=40,rebalance=40d,min_hold=20d,max_w=0.1,target_vol=0.18,turnover_penalty=0.02",quality_low_turnover_monthly_v1,quality_low_turnover_monthly_v1,Quality Low Turnover Monthly,factor,portfolio,False,False,audit,True,audited,11.4,0.12337442142272126,0.20555403986059123,0.20555403986059123,0.2953551067479351,40,0.0,not_enabled,False,available,201,200,14.427860696517413,14.4,6,2024-04-01,"['SZ.300896', 'SZ.300015', 'SZ.300760', 'SZ.002050', 'SH.600919']",point_in_time,2024-03-29,120,5347,local_history_sqlite_as_of,"legacy_momentum: score=-1.4188, selection_score=-1000000.0000, eligible=False, ann=-0.1861, sharpe=-1.2195, mdd=-0.2125; legacy_momentum_low_turnover_v1: score=0.3845, selection_score=-1000000.0000, eligible=False, ann=0.0709, sharpe=0.4088, mdd=-0.1196; ma_kline_baseline_v1: score=-3.8512, selection_score=-1000000.0000, eligible=False, ann=-0.4461, sharpe=-3.4105, mdd=-0.4353; residual_momentum_reversal_v1: score=-2.6435, selection_score=-1000000.0000, eligible=False, ann=-0.2708, sharpe=-2.3739, mdd=-0.2684; residual_momentum_reversal_v2: score=-3.6185, selection_score=-1000000.0000, eligible=False, ann=-0.3977, sharpe=-3.2245, mdd=-0.3904; quality_growth_price_v1: score=-1.1368, selection_score=-1000000.0000, eligible=False, ann=-0.1165, sharpe=-0.9976, mdd=-0.1620; low_vol_low_turnover_quality_v1: score=0.6432, selection_score=-1000000.0000, eligible=False, ann=0.0794, sharpe=0.6575, mdd=-0.1081; quality_low_turnover_monthly_v1: score=0.6894, selection_score=-1000000.0000, eligible=False, ann=0.0707, sharpe=0.7038, mdd=-0.0996; multifactor_volume_price_filter_v1: score=-1.9254, selection_score=-1000000.0000, eligible=False, ann=-0.2128, sharpe=-1.6925, mdd=-0.2530; core_selection_quality_momentum_v1: score=-0.4088, selection_score=-1000000.0000, eligible=False, ann=-0.0403, sharpe=-0.3337, mdd=-0.1100; theme_exposure_momentum_v1: score=-0.6177, selection_score=-1000000.0000, eligible=False, ann=-0.0437, sharpe=-0.5313, mdd=-0.1291; sleeve_composite_v1: score=-2.2048, selection_score=-1000000.0000, eligible=False, ann=-0.3095, sharpe=-1.8734, mdd=-0.3533",quality_low_turnover_monthly_v1,True,False,portfolio_fold_count<4,28910.0,2900.0,1.0,1.0,1.0,1.0,0.0,0.5041681079211345,0.6664236682604076,0.16225556033927302,1.0,1.0,1.0,1.0,1.0,0.7557556505360766,0.5691311214140828,0.7063720902153966,0.6367190186419395,0.5939231865159856,False,portfolio_fold_count<4,quality_4y_1y,4,1,2020-04-01,2026-03-31,2,2,,ok,
PORTFOLIO,2,2021-04-01,2025-03-31,2025-04-01,2026-03-31,0.1624040865341294,1.5592875813396807,-0.06749018843155397,0.5311203319502075,1.7716201113267724,7,True,"quality_low_turnover_monthly@q0.7,vol_window=20,vol_q=0.5,turnover_q=0.5,top_n=10,hold_top=20,rebalance=40d,min_hold=20d,max_w=0.1,target_vol=0.18,turnover_penalty=0.02",quality_low_turnover_monthly_v1,quality_low_turnover_monthly_v1,Quality Low Turnover Monthly,factor,portfolio,False,False,audit,True,audited,5.33609958506224,0.1534235014173121,0.3369913914817363,0.3369913914817363,0.2873402945050307,40,0.0,not_enabled,False,available,242,241,6.347107438016529,6.340248962655601,7,2025-04-01,"['SH.601127', 'SZ.002714', 'SH.601919', 'SZ.300308', 'SZ.002463']",point_in_time,2025-03-31,120,5390,local_history_sqlite_as_of,"legacy_momentum: score=-1.4188, selection_score=-1000000.0000, eligible=False, ann=-0.1861, sharpe=-1.2195, mdd=-0.2125; legacy_momentum_low_turnover_v1: score=0.3845, selection_score=-1000000.0000, eligible=False, ann=0.0709, sharpe=0.4088, mdd=-0.1196; ma_kline_baseline_v1: score=-3.8512, selection_score=-1000000.0000, eligible=False, ann=-0.4461, sharpe=-3.4105, mdd=-0.4353; residual_momentum_reversal_v1: score=-2.6435, selection_score=-1000000.0000, eligible=False, ann=-0.2708, sharpe=-2.3739, mdd=-0.2684; residual_momentum_reversal_v2: score=-3.6185, selection_score=-1000000.0000, eligible=False, ann=-0.3977, sharpe=-3.2245, mdd=-0.3904; quality_growth_price_v1: score=-1.1368, selection_score=-1000000.0000, eligible=False, ann=-0.1165, sharpe=-0.9976, mdd=-0.1620; low_vol_low_turnover_quality_v1: score=0.6432, selection_score=-1000000.0000, eligible=False, ann=0.0794, sharpe=0.6575, mdd=-0.1081; quality_low_turnover_monthly_v1: score=0.6894, selection_score=-1000000.0000, eligible=False, ann=0.0707, sharpe=0.7038, mdd=-0.0996; multifactor_volume_price_filter_v1: score=-1.9254, selection_score=-1000000.0000, eligible=False, ann=-0.2128, sharpe=-1.6925, mdd=-0.2530; core_selection_quality_momentum_v1: score=-0.4088, selection_score=-1000000.0000, eligible=False, ann=-0.0403, sharpe=-0.3337, mdd=-0.1100; theme_exposure_momentum_v1: score=-0.6177, selection_score=-1000000.0000, eligible=False, ann=-0.0437, sharpe=-0.5313, mdd=-0.1291; sleeve_composite_v1: score=-2.2048, selection_score=-1000000.0000, eligible=False, ann=-0.3095, sharpe=-1.8734, mdd=-0.3533",quality_low_turnover_monthly_v1,True,False,portfolio_fold_count<4,28955.0,1536.0,1.0,1.0,1.0,1.0,0.0,0.5041788982904507,0.6924263881377938,0.18824748984734307,1.0,1.0,1.0,1.0,1.0,0.8127696508070036,0.5632691888218035,0.7379238864507668,0.6815974045868347,0.5741151143543576,False,portfolio_fold_count<4,quality_4y_1y,4,1,2020-04-01,2026-03-31,2,2,,ok,
PORTFOLIO,1,2020-04-01,2024-03-29,2024-04-01,2025-03-31,-0.2309417622735791,-1.33005172266678,-0.2583839669831388,0.4076923076923077,62.19284948674109,169,True,"quality@q0.7,resid_mom10@q0.6,ma20>ma60,vol@q0.75,amt>=1.2,upper_shadow<=1.5,breakout_required=False,target_vol=0.18,top_n=5,xmarket_overlay=False",multifactor_volume_price_filter_v1,multifactor_volume_price_filter_v1,multifactor_volume_price_filter_v1,generic,portfolio,True,True,audit,True,audited,1.523076923076923,0.500416849676815,1.0,1.0,0.5917920637336365,102,0.0,not_enabled,False,not_available,131,130,1.6946564885496183,1.6923076923076923,169,2024-04-01,"['SZ.000338', 'SH.601899', 'SH.601600', 'SH.600809']",point_in_time,2024-03-29,120,5347,local_history_sqlite_as_of,"legacy_momentum: score=-1.4188, selection_score=-1000000.0000, eligible=False, ann=-0.1861, sharpe=-1.2195, mdd=-0.2125; legacy_momentum_low_turnover_v1: score=0.3845, selection_score=-1000000.0000, eligible=False, ann=0.0709, sharpe=0.4088, mdd=-0.1196; ma_kline_baseline_v1: score=-3.8512, selection_score=-1000000.0000, eligible=False, ann=-0.4461, sharpe=-3.4105, mdd=-0.4353; residual_momentum_reversal_v1: score=-2.6435, selection_score=-1000000.0000, eligible=False, ann=-0.2708, sharpe=-2.3739, mdd=-0.2684; residual_momentum_reversal_v2: score=-3.6185, selection_score=-1000000.0000, eligible=False, ann=-0.3977, sharpe=-3.2245, mdd=-0.3904; quality_growth_price_v1: score=-1.1368, selection_score=-1000000.0000, eligible=False, ann=-0.1165, sharpe=-0.9976, mdd=-0.1620; low_vol_low_turnover_quality_v1: score=0.6432, selection_score=-1000000.0000, eligible=False, ann=0.0794, sharpe=0.6575, mdd=-0.1081; quality_low_turnover_monthly_v1: score=0.6894, selection_score=-1000000.0000, eligible=False, ann=0.0707, sharpe=0.7038, mdd=-0.0996; multifactor_volume_price_filter_v1: score=-1.9254, selection_score=-1000000.0000, eligible=False, ann=-0.2128, sharpe=-1.6925, mdd=-0.2530; core_selection_quality_momentum_v1: score=-0.4088, selection_score=-1000000.0000, eligible=False, ann=-0.0403, sharpe=-0.3337, mdd=-0.1100; theme_exposure_momentum_v1: score=-0.6177, selection_score=-1000000.0000, eligible=False, ann=-0.0437, sharpe=-0.5313, mdd=-0.1291; sleeve_composite_v1: score=-2.2048, selection_score=-1000000.0000, eligible=False, ann=-0.3095, sharpe=-1.8734, mdd=-0.3533",quality_low_turnover_monthly_v1,False,False,portfolio_fold_count<4,,,,,,,,,,,,,,,,,,,,,,,quality_4y_1y,4,1,2020-04-01,2026-03-31,2,2,,ok,
PORTFOLIO,2,2021-04-01,2025-03-31,2025-04-01,2026-03-31,-0.19460318047103853,-2.054996595793433,-0.24770903352128826,0.3559322033898305,48.98647135572524,95,True,"quality@q0.7,resid_mom20@q0.6,ma20>ma60,vol@q0.6,amt>=1.2,upper_shadow<=1.5,breakout_required=True,target_vol=0.18,top_n=5,xmarket_overlay=False",multifactor_volume_price_filter_v1,multifactor_volume_price_filter_v1,multifactor_volume_price_filter_v1,generic,portfolio,True,True,audit,True,audited,1.4067796610169492,0.5499144417623907,1.0,1.0,0.6350161297738792,49,0.0,not_enabled,False,not_available,59,59,1.4067796610169492,1.4067796610169492,95,2025-04-01,['SH.600276'],point_in_time,2025-03-31,120,5390,local_history_sqlite_as_of,"legacy_momentum: score=-1.4188, selection_score=-1000000.0000, eligible=False, ann=-0.1861, sharpe=-1.2195, mdd=-0.2125; legacy_momentum_low_turnover_v1: score=0.3845, selection_score=-1000000.0000, eligible=False, ann=0.0709, sharpe=0.4088, mdd=-0.1196; ma_kline_baseline_v1: score=-3.8512, selection_score=-1000000.0000, eligible=False, ann=-0.4461, sharpe=-3.4105, mdd=-0.4353; residual_momentum_reversal_v1: score=-2.6435, selection_score=-1000000.0000, eligible=False, ann=-0.2708, sharpe=-2.3739, mdd=-0.2684; residual_momentum_reversal_v2: score=-3.6185, selection_score=-1000000.0000, eligible=False, ann=-0.3977, sharpe=-3.2245, mdd=-0.3904; quality_growth_price_v1: score=-1.1368, selection_score=-1000000.0000, eligible=False, ann=-0.1165, sharpe=-0.9976, mdd=-0.1620; low_vol_low_turnover_quality_v1: score=0.6432, selection_score=-1000000.0000, eligible=False, ann=0.0794, sharpe=0.6575, mdd=-0.1081; quality_low_turnover_monthly_v1: score=0.6894, selection_score=-1000000.0000, eligible=False, ann=0.0707, sharpe=0.7038, mdd=-0.0996; multifactor_volume_price_filter_v1: score=-1.9254, selection_score=-1000000.0000, eligible=False, ann=-0.2128, sharpe=-1.6925, mdd=-0.2530; core_selection_quality_momentum_v1: score=-0.4088, selection_score=-1000000.0000, eligible=False, ann=-0.0403, sharpe=-0.3337, mdd=-0.1100; theme_exposure_momentum_v1: score=-0.6177, selection_score=-1000000.0000, eligible=False, ann=-0.0437, sharpe=-0.5313, mdd=-0.1291; sleeve_composite_v1: score=-2.2048, selection_score=-1000000.0000, eligible=False, ann=-0.3095, sharpe=-1.8734, mdd=-0.3533",quality_low_turnover_monthly_v1,False,False,portfolio_fold_count<4,,,,,,,,,,,,,,,,,,,,,,,quality_4y_1y,4,1,2020-04-01,2026-03-31,2,2,,ok,
PORTFOLIO,1,2020-04-01,2024-03-29,2024-04-01,2025-03-31,-0.10559446024568919,-0.9189707113664762,-0.13985597404470984,0.44036697247706424,9.548659110814581,220,True,"quality@q0.6,resid_mom20@q0.55,ma60,vol@q0.6,top_n=12,target_vol=0.18,xmarket_overlay=False",core_selection_quality_momentum_v1,core_selection_quality_momentum_v1,Core Selection Quality Momentum,core_stock_picking,portfolio,True,True,audit,True,audited,7.036697247706422,0.18662646731158655,0.3333333333333333,0.6071872682781997,0.4034994745054045,71,0.0,not_enabled,False,not_available,219,218,8.753424657534246,8.738532110091743,220,2024-04-01,"['SZ.300896', 'SZ.002594', 'SH.600809', 'SZ.000858', 'SZ.002027']",point_in_time,2024-03-29,120,5347,local_history_sqlite_as_of,"legacy_momentum: score=-1.4188, selection_score=-1000000.0000, eligible=False, ann=-0.1861, sharpe=-1.2195, mdd=-0.2125; legacy_momentum_low_turnover_v1: score=0.3845, selection_score=-1000000.0000, eligible=False, ann=0.0709, sharpe=0.4088, mdd=-0.1196; ma_kline_baseline_v1: score=-3.8512, selection_score=-1000000.0000, eligible=False, ann=-0.4461, sharpe=-3.4105, mdd=-0.4353; residual_momentum_reversal_v1: score=-2.6435, selection_score=-1000000.0000, eligible=False, ann=-0.2708, sharpe=-2.3739, mdd=-0.2684; residual_momentum_reversal_v2: score=-3.6185, selection_score=-1000000.0000, eligible=False, ann=-0.3977, sharpe=-3.2245, mdd=-0.3904; quality_growth_price_v1: score=-1.1368, selection_score=-1000000.0000, eligible=False, ann=-0.1165, sharpe=-0.9976, mdd=-0.1620; low_vol_low_turnover_quality_v1: score=0.6432, selection_score=-1000000.0000, eligible=False, ann=0.0794, sharpe=0.6575, mdd=-0.1081; quality_low_turnover_monthly_v1: score=0.6894, selection_score=-1000000.0000, eligible=False, ann=0.0707, sharpe=0.7038, mdd=-0.0996; multifactor_volume_price_filter_v1: score=-1.9254, selection_score=-1000000.0000, eligible=False, ann=-0.2128, sharpe=-1.6925, mdd=-0.2530; core_selection_quality_momentum_v1: score=-0.4088, selection_score=-1000000.0000, eligible=False, ann=-0.0403, sharpe=-0.3337, mdd=-0.1100; theme_exposure_momentum_v1: score=-0.6177, selection_score=-1000000.0000, eligible=False, ann=-0.0437, sharpe=-0.5313, mdd=-0.1291; sleeve_composite_v1: score=-2.2048, selection_score=-1000000.0000, eligible=False, ann=-0.3095, sharpe=-1.8734, mdd=-0.3533",quality_low_turnover_monthly_v1,False,False,portfolio_fold_count<4,,,,,,,,,,,,,,,,,,,,,,,quality_4y_1y,4,1,2020-04-01,2026-03-31,2,2,,ok,
PORTFOLIO,2,2021-04-01,2025-03-31,2025-04-01,2026-03-31,0.0249554679194377,0.25163875335534674,-0.0801153631157615,0.48132780082987553,9.761178167599873,241,True,"quality@q0.6,resid_mom20@q0.6,ma60,vol@q0.75,top_n=8,target_vol=0.18,xmarket_overlay=False",core_selection_quality_momentum_v1,core_selection_quality_momentum_v1,Core Selection Quality Momentum,core_stock_picking,portfolio,True,True,audit,True,audited,5.473029045643154,0.1793186281695316,0.3020144225739501,0.5,0.3926175717469028,27,0.0,not_enabled,False,not_available,242,241,6.322314049586777,6.33609958506224,241,2025-04-01,"['SH.601919', 'SZ.002714', 'SH.601600', 'SH.601899', 'SH.600809']",point_in_time,2025-03-31,120,5390,local_history_sqlite_as_of,"legacy_momentum: score=-1.4188, selection_score=-1000000.0000, eligible=False, ann=-0.1861, sharpe=-1.2195, mdd=-0.2125; legacy_momentum_low_turnover_v1: score=0.3845, selection_score=-1000000.0000, eligible=False, ann=0.0709, sharpe=0.4088, mdd=-0.1196; ma_kline_baseline_v1: score=-3.8512, selection_score=-1000000.0000, eligible=False, ann=-0.4461, sharpe=-3.4105, mdd=-0.4353; residual_momentum_reversal_v1: score=-2.6435, selection_score=-1000000.0000, eligible=False, ann=-0.2708, sharpe=-2.3739, mdd=-0.2684; residual_momentum_reversal_v2: score=-3.6185, selection_score=-1000000.0000, eligible=False, ann=-0.3977, sharpe=-3.2245, mdd=-0.3904; quality_growth_price_v1: score=-1.1368, selection_score=-1000000.0000, eligible=False, ann=-0.1165, sharpe=-0.9976, mdd=-0.1620; low_vol_low_turnover_quality_v1: score=0.6432, selection_score=-1000000.0000, eligible=False, ann=0.0794, sharpe=0.6575, mdd=-0.1081; quality_low_turnover_monthly_v1: score=0.6894, selection_score=-1000000.0000, eligible=False, ann=0.0707, sharpe=0.7038, mdd=-0.0996; multifactor_volume_price_filter_v1: score=-1.9254, selection_score=-1000000.0000, eligible=False, ann=-0.2128, sharpe=-1.6925, mdd=-0.2530; core_selection_quality_momentum_v1: score=-0.4088, selection_score=-1000000.0000, eligible=False, ann=-0.0403, sharpe=-0.3337, mdd=-0.1100; theme_exposure_momentum_v1: score=-0.6177, selection_score=-1000000.0000, eligible=False, ann=-0.0437, sharpe=-0.5313, mdd=-0.1291; sleeve_composite_v1: score=-2.2048, selection_score=-1000000.0000, eligible=False, ann=-0.3095, sharpe=-1.8734, mdd=-0.3533",quality_low_turnover_monthly_v1,False,False,portfolio_fold_count<4,,,,,,,,,,,,,,,,,,,,,,,quality_4y_1y,4,1,2020-04-01,2026-03-31,2,2,,ok,
PORTFOLIO,1,2020-04-01,2024-03-29,2024-04-01,2025-03-31,0.028200159524472523,0.30673475842772147,-0.11310054725400054,0.5660377358490566,52.97666034430541,91,True,"theme_mom20@q0.7,ma60,vol@q0.75,amt>=1.2,breakout_required=True,xscore>=0.5,top_n=3,target_vol=0.18",theme_exposure_momentum_v1,theme_exposure_momentum_v1,Theme Exposure Momentum,theme_exposure,portfolio,True,True,audit,True,audited,1.8867924528301887,0.46633666770364934,0.975923113496578,1.0,0.6254230770841106,29,0.0,not_enabled,False,not_applicable,53,53,2.169811320754717,2.169811320754717,91,2024-04-02,"['SZ.000338', 'SH.601857']",point_in_time,2024-03-29,120,5347,local_history_sqlite_as_of,"legacy_momentum: score=-1.4188, selection_score=-1000000.0000, eligible=False, ann=-0.1861, sharpe=-1.2195, mdd=-0.2125; legacy_momentum_low_turnover_v1: score=0.3845, selection_score=-1000000.0000, eligible=False, ann=0.0709, sharpe=0.4088, mdd=-0.1196; ma_kline_baseline_v1: score=-3.8512, selection_score=-1000000.0000, eligible=False, ann=-0.4461, sharpe=-3.4105, mdd=-0.4353; residual_momentum_reversal_v1: score=-2.6435, selection_score=-1000000.0000, eligible=False, ann=-0.2708, sharpe=-2.3739, mdd=-0.2684; residual_momentum_reversal_v2: score=-3.6185, selection_score=-1000000.0000, eligible=False, ann=-0.3977, sharpe=-3.2245, mdd=-0.3904; quality_growth_price_v1: score=-1.1368, selection_score=-1000000.0000, eligible=False, ann=-0.1165, sharpe=-0.9976, mdd=-0.1620; low_vol_low_turnover_quality_v1: score=0.6432, selection_score=-1000000.0000, eligible=False, ann=0.0794, sharpe=0.6575, mdd=-0.1081; quality_low_turnover_monthly_v1: score=0.6894, selection_score=-1000000.0000, eligible=False, ann=0.0707, sharpe=0.7038, mdd=-0.0996; multifactor_volume_price_filter_v1: score=-1.9254, selection_score=-1000000.0000, eligible=False, ann=-0.2128, sharpe=-1.6925, mdd=-0.2530; core_selection_quality_momentum_v1: score=-0.4088, selection_score=-1000000.0000, eligible=False, ann=-0.0403, sharpe=-0.3337, mdd=-0.1100; theme_exposure_momentum_v1: score=-0.6177, selection_score=-1000000.0000, eligible=False, ann=-0.0437, sharpe=-0.5313, mdd=-0.1291; sleeve_composite_v1: score=-2.2048, selection_score=-1000000.0000, eligible=False, ann=-0.3095, sharpe=-1.8734, mdd=-0.3533",quality_low_turnover_monthly_v1,False,False,portfolio_fold_count<4,,,,,,,,,,,,,,,,,,,,,,,quality_4y_1y,4,1,2020-04-01,2026-03-31,2,2,,ok,
PORTFOLIO,2,2021-04-01,2025-03-31,2025-04-01,2026-03-31,-0.1155949323957095,-1.3693837357845056,-0.14509590401028305,0.42857142857142855,53.112583252291046,104,True,"theme_mom20@q0.7,ma20,vol@q0.75,amt>=1.2,breakout_required=True,xscore>=0.5,top_n=3,target_vol=0.18",theme_exposure_momentum_v1,theme_exposure_momentum_v1,Theme Exposure Momentum,theme_exposure,portfolio,True,True,audit,True,audited,1.9682539682539681,0.42134995448000195,0.9067713453444027,1.0,0.6042243944595583,33,0.0,not_enabled,False,not_applicable,63,63,2.1904761904761907,2.1904761904761907,104,2025-04-28,['SH.600919'],point_in_time,2025-03-31,120,5390,local_history_sqlite_as_of,"legacy_momentum: score=-1.4188, selection_score=-1000000.0000, eligible=False, ann=-0.1861, sharpe=-1.2195, mdd=-0.2125; legacy_momentum_low_turnover_v1: score=0.3845, selection_score=-1000000.0000, eligible=False, ann=0.0709, sharpe=0.4088, mdd=-0.1196; ma_kline_baseline_v1: score=-3.8512, selection_score=-1000000.0000, eligible=False, ann=-0.4461, sharpe=-3.4105, mdd=-0.4353; residual_momentum_reversal_v1: score=-2.6435, selection_score=-1000000.0000, eligible=False, ann=-0.2708, sharpe=-2.3739, mdd=-0.2684; residual_momentum_reversal_v2: score=-3.6185, selection_score=-1000000.0000, eligible=False, ann=-0.3977, sharpe=-3.2245, mdd=-0.3904; quality_growth_price_v1: score=-1.1368, selection_score=-1000000.0000, eligible=False, ann=-0.1165, sharpe=-0.9976, mdd=-0.1620; low_vol_low_turnover_quality_v1: score=0.6432, selection_score=-1000000.0000, eligible=False, ann=0.0794, sharpe=0.6575, mdd=-0.1081; quality_low_turnover_monthly_v1: score=0.6894, selection_score=-1000000.0000, eligible=False, ann=0.0707, sharpe=0.7038, mdd=-0.0996; multifactor_volume_price_filter_v1: score=-1.9254, selection_score=-1000000.0000, eligible=False, ann=-0.2128, sharpe=-1.6925, mdd=-0.2530; core_selection_quality_momentum_v1: score=-0.4088, selection_score=-1000000.0000, eligible=False, ann=-0.0403, sharpe=-0.3337, mdd=-0.1100; theme_exposure_momentum_v1: score=-0.6177, selection_score=-1000000.0000, eligible=False, ann=-0.0437, sharpe=-0.5313, mdd=-0.1291; sleeve_composite_v1: score=-2.2048, selection_score=-1000000.0000, eligible=False, ann=-0.3095, sharpe=-1.8734, mdd=-0.3533",quality_low_turnover_monthly_v1,False,False,portfolio_fold_count<4,,,,,,,,,,,,,,,,,,,,,,,quality_4y_1y,4,1,2020-04-01,2026-03-31,2,2,,ok,
PORTFOLIO,1,2020-04-01,2024-03-29,2024-04-01,2025-03-31,-0.4157368082908286,-2.6550983544055207,-0.40186908509696573,0.3416666666666667,33.46058091286307,64,True,"sleeve_composite_v1:w=0.55/0.25/0.2,mom20,top_n=10,max_w=0.1",sleeve_composite_v1,sleeve_composite_v1,Sleeve Composite V1,sleeve_composite,portfolio,False,False,audit,True,audited,7.9125,0.21333333333333337,0.4,0.5,0.4589583333333334,87,0.0,not_enabled,False,available,241,240,10.0,10.0,240,2024-04-01,"['SZ.300896', 'SH.600919', 'SZ.002594', 'SZ.002027', 'SZ.002920']",point_in_time,2024-03-29,120,5347,local_history_sqlite_as_of,"legacy_momentum: score=-1.4188, selection_score=-1000000.0000, eligible=False, ann=-0.1861, sharpe=-1.2195, mdd=-0.2125; legacy_momentum_low_turnover_v1: score=0.3845, selection_score=-1000000.0000, eligible=False, ann=0.0709, sharpe=0.4088, mdd=-0.1196; ma_kline_baseline_v1: score=-3.8512, selection_score=-1000000.0000, eligible=False, ann=-0.4461, sharpe=-3.4105, mdd=-0.4353; residual_momentum_reversal_v1: score=-2.6435, selection_score=-1000000.0000, eligible=False, ann=-0.2708, sharpe=-2.3739, mdd=-0.2684; residual_momentum_reversal_v2: score=-3.6185, selection_score=-1000000.0000, eligible=False, ann=-0.3977, sharpe=-3.2245, mdd=-0.3904; quality_growth_price_v1: score=-1.1368, selection_score=-1000000.0000, eligible=False, ann=-0.1165, sharpe=-0.9976, mdd=-0.1620; low_vol_low_turnover_quality_v1: score=0.6432, selection_score=-1000000.0000, eligible=False, ann=0.0794, sharpe=0.6575, mdd=-0.1081; quality_low_turnover_monthly_v1: score=0.6894, selection_score=-1000000.0000, eligible=False, ann=0.0707, sharpe=0.7038, mdd=-0.0996; multifactor_volume_price_filter_v1: score=-1.9254, selection_score=-1000000.0000, eligible=False, ann=-0.2128, sharpe=-1.6925, mdd=-0.2530; core_selection_quality_momentum_v1: score=-0.4088, selection_score=-1000000.0000, eligible=False, ann=-0.0403, sharpe=-0.3337, mdd=-0.1100; theme_exposure_momentum_v1: score=-0.6177, selection_score=-1000000.0000, eligible=False, ann=-0.0437, sharpe=-0.5313, mdd=-0.1291; sleeve_composite_v1: score=-2.2048, selection_score=-1000000.0000, eligible=False, ann=-0.3095, sharpe=-1.8734, mdd=-0.3533",quality_low_turnover_monthly_v1,False,False,portfolio_fold_count<4,28910.0,2410.0,1.0,1.0,1.0,1.0,0.0,0.5041681079211345,0.6352047956111905,0.13103668769005594,1.0,1.0,1.0,1.0,1.0,0.7056913885886305,0.5988239071562235,0.6537438398595953,0.6168577763055431,0.5363677545707078,,,quality_4y_1y,4,1,2020-04-01,2026-03-31,2,2,,ok,
PORTFOLIO,2,2021-04-01,2025-03-31,2025-04-01,2026-03-31,-0.20334243304531496,-1.0916509108979309,-0.3047336509120435,0.42738589211618255,27.595041322314053,52,True,"sleeve_composite_v1:w=0.55/0.25/0.2,mom20,top_n=10,max_w=0.1",sleeve_composite_v1,sleeve_composite_v1,Sleeve Composite V1,sleeve_composite,portfolio,False,False,audit,True,audited,7.941908713692946,0.2105809128630706,0.4,0.6000000000000001,0.4470954356846474,86,0.0,not_enabled,False,available,242,241,10.0,10.0,241,2025-04-01,"['SH.600809', 'SH.603993', 'SZ.000568', 'SH.600519', 'SH.601919']",point_in_time,2025-03-31,120,5390,local_history_sqlite_as_of,"legacy_momentum: score=-1.4188, selection_score=-1000000.0000, eligible=False, ann=-0.1861, sharpe=-1.2195, mdd=-0.2125; legacy_momentum_low_turnover_v1: score=0.3845, selection_score=-1000000.0000, eligible=False, ann=0.0709, sharpe=0.4088, mdd=-0.1196; ma_kline_baseline_v1: score=-3.8512, selection_score=-1000000.0000, eligible=False, ann=-0.4461, sharpe=-3.4105, mdd=-0.4353; residual_momentum_reversal_v1: score=-2.6435, selection_score=-1000000.0000, eligible=False, ann=-0.2708, sharpe=-2.3739, mdd=-0.2684; residual_momentum_reversal_v2: score=-3.6185, selection_score=-1000000.0000, eligible=False, ann=-0.3977, sharpe=-3.2245, mdd=-0.3904; quality_growth_price_v1: score=-1.1368, selection_score=-1000000.0000, eligible=False, ann=-0.1165, sharpe=-0.9976, mdd=-0.1620; low_vol_low_turnover_quality_v1: score=0.6432, selection_score=-1000000.0000, eligible=False, ann=0.0794, sharpe=0.6575, mdd=-0.1081; quality_low_turnover_monthly_v1: score=0.6894, selection_score=-1000000.0000, eligible=False, ann=0.0707, sharpe=0.7038, mdd=-0.0996; multifactor_volume_price_filter_v1: score=-1.9254, selection_score=-1000000.0000, eligible=False, ann=-0.2128, sharpe=-1.6925, mdd=-0.2530; core_selection_quality_momentum_v1: score=-0.4088, selection_score=-1000000.0000, eligible=False, ann=-0.0403, sharpe=-0.3337, mdd=-0.1100; theme_exposure_momentum_v1: score=-0.6177, selection_score=-1000000.0000, eligible=False, ann=-0.0437, sharpe=-0.5313, mdd=-0.1291; sleeve_composite_v1: score=-2.2048, selection_score=-1000000.0000, eligible=False, ann=-0.3095, sharpe=-1.8734, mdd=-0.3533",quality_low_turnover_monthly_v1,False,False,portfolio_fold_count<4,28955.0,2420.0,1.0,1.0,1.0,1.0,0.0,0.5041788982904507,0.622214076434608,0.11803517814415732,1.0,1.0,1.0,1.0,1.0,0.7136441769241665,0.5698361112549796,0.6257032304797532,0.5868127936144342,0.5399402397883092,,,quality_4y_1y,4,1,2020-04-01,2026-03-31,2,2,,ok,
