strategy_id,walk_forward_preset,fold,valid_start,valid_end,market_context_label,date,benchmark_symbol,benchmark_weight_date,asof_status,benchmark_constituent_count,benchmark_weight_sum,strategy_live_exposure,reported_live_exposure,strategy_live_holding_count,strategy_position_return,benchmark_daily_return,strategy_excess_daily_return,strategy_weight_in_benchmark,strategy_weight_outside_benchmark,benchmark_weight_held_by_strategy,benchmark_weight_missed_by_strategy,benchmark_top_n,benchmark_top_n_weight_total,benchmark_top_n_weight_held,benchmark_top_n_weight_missed,benchmark_top_n_coverage_ratio,constituent_overlap_count,outside_benchmark_count,industry_l1_gap_raw,industry_l1_gap_normalized,top_industry_underweight,top_industry_underweight_value,top_industry_overweight,top_industry_overweight_value
strong_index_participation_v1,baseline_2y_1y_5fold,5,2025-04-01,2026-03-31,relative_lag_in_strong_benchmark_context,2025-04-01,SH.000300,2025-03-31,available,300,0.9999799999999999,0.0,,0,0.0,9.518150083209775e-05,-9.518150083209775e-05,0.0,0.0,0.0,1.0,20,0.33343999999999996,0.0,0.33343999999999996,0.0,0,0,0.99998,,银行,-0.1348,服饰,-0.00047
strong_index_participation_v1,baseline_2y_1y_5fold,5,2025-04-01,2026-03-31,relative_lag_in_strong_benchmark_context,2025-04-02,SH.000300,2025-04-01,available,300,0.9999959999999999,0.0,,0,0.0,-0.0008462630669190396,0.0008462630669190396,0.0,0.0,0.0,1.0,20,0.33066500000000004,0.0,0.33066500000000004,0.0,0,0,0.999996,,银行,-0.13394899999999998,服饰,-0.00046
strong_index_participation_v1,baseline_2y_1y_5fold,5,2025-04-01,2026-03-31,relative_lag_in_strong_benchmark_context,2025-04-03,SH.000300,2025-04-01,available,300,0.9999959999999999,0.0,,0,0.0,-0.005892817147608698,0.005892817147608698,0.0,0.0,0.0,1.0,20,0.33066500000000004,0.0,0.33066500000000004,0.0,0,0,0.999996,,银行,-0.13394899999999998,服饰,-0.00046
strong_index_participation_v1,baseline_2y_1y_5fold,5,2025-04-01,2026-03-31,relative_lag_in_strong_benchmark_context,2025-04-07,SH.000300,2025-04-01,available,300,0.9999959999999999,0.0,,0,0.0,-0.07045448659847209,0.07045448659847209,0.0,0.0,0.0,1.0,20,0.33066500000000004,0.0,0.33066500000000004,0.0,0,0,0.999996,,银行,-0.13394899999999998,服饰,-0.00046
strong_index_participation_v1,baseline_2y_1y_5fold,5,2025-04-01,2026-03-31,relative_lag_in_strong_benchmark_context,2025-04-08,SH.000300,2025-04-01,available,300,0.9999959999999999,0.0,,0,0.0,0.01708344477132928,-0.01708344477132928,0.0,0.0,0.0,1.0,20,0.33066500000000004,0.0,0.33066500000000004,0.0,0,0,0.999996,,银行,-0.13394899999999998,服饰,-0.00046
strong_index_participation_v1,baseline_2y_1y_5fold,5,2025-04-01,2026-03-31,relative_lag_in_strong_benchmark_context,2025-04-09,SH.000300,2025-04-01,available,300,0.9999959999999999,0.0,,0,0.0,0.009869177924596517,-0.009869177924596517,0.0,0.0,0.0,1.0,20,0.33066500000000004,0.0,0.33066500000000004,0.0,0,0,0.999996,,银行,-0.13394899999999998,服饰,-0.00046
strong_index_participation_v1,baseline_2y_1y_5fold,5,2025-04-01,2026-03-31,relative_lag_in_strong_benchmark_context,2025-04-10,SH.000300,2025-04-01,available,300,0.9999959999999999,0.0,,0,0.0,0.013108964709137139,-0.013108964709137139,0.0,0.0,0.0,1.0,20,0.33066500000000004,0.0,0.33066500000000004,0.0,0,0,0.999996,,银行,-0.13394899999999998,服饰,-0.00046
strong_index_participation_v1,baseline_2y_1y_5fold,5,2025-04-01,2026-03-31,relative_lag_in_strong_benchmark_context,2025-04-11,SH.000300,2025-04-01,available,300,0.9999959999999999,0.0,,0,0.0,0.004123026837156596,-0.004123026837156596,0.0,0.0,0.0,1.0,20,0.33066500000000004,0.0,0.33066500000000004,0.0,0,0,0.999996,,银行,-0.13394899999999998,服饰,-0.00046
strong_index_participation_v1,baseline_2y_1y_5fold,5,2025-04-01,2026-03-31,relative_lag_in_strong_benchmark_context,2025-04-14,SH.000300,2025-04-01,available,300,0.9999959999999999,0.0,,0,0.0,0.002298347962415903,-0.002298347962415903,0.0,0.0,0.0,1.0,20,0.33066500000000004,0.0,0.33066500000000004,0.0,0,0,0.999996,,银行,-0.13394899999999998,服饰,-0.00046
strong_index_participation_v1,baseline_2y_1y_5fold,5,2025-04-01,2026-03-31,relative_lag_in_strong_benchmark_context,2025-04-15,SH.000300,2025-04-01,available,300,0.9999959999999999,0.0,,0,0.0,0.0005559782290631698,-0.0005559782290631698,0.0,0.0,0.0,1.0,20,0.33066500000000004,0.0,0.33066500000000004,0.0,0,0,0.999996,,银行,-0.13394899999999998,服饰,-0.00046
strong_index_participation_v1,baseline_2y_1y_5fold,5,2025-04-01,2026-03-31,relative_lag_in_strong_benchmark_context,2025-04-16,SH.000300,2025-04-01,available,300,0.9999959999999999,0.0,,0,0.0,0.0030814387846529456,-0.0030814387846529456,0.0,0.0,0.0,1.0,20,0.33066500000000004,0.0,0.33066500000000004,0.0,0,0,0.999996,,银行,-0.13394899999999998,服饰,-0.00046
strong_index_participation_v1,baseline_2y_1y_5fold,5,2025-04-01,2026-03-31,relative_lag_in_strong_benchmark_context,2025-04-17,SH.000300,2025-04-01,available,300,0.9999959999999999,0.0,,0,0.0,-0.00015903223583435544,0.00015903223583435544,0.0,0.0,0.0,1.0,20,0.33066500000000004,0.0,0.33066500000000004,0.0,0,0,0.999996,,银行,-0.13394899999999998,服饰,-0.00046
strong_index_participation_v1,baseline_2y_1y_5fold,5,2025-04-01,2026-03-31,relative_lag_in_strong_benchmark_context,2025-04-18,SH.000300,2025-04-01,available,300,0.9999959999999999,0.0,,0,0.0,7.952876555461508e-05,-7.952876555461508e-05,0.0,0.0,0.0,1.0,20,0.33066500000000004,0.0,0.33066500000000004,0.0,0,0,0.999996,,银行,-0.13394899999999998,服饰,-0.00046
strong_index_participation_v1,baseline_2y_1y_5fold,5,2025-04-01,2026-03-31,relative_lag_in_strong_benchmark_context,2025-04-21,SH.000300,2025-04-01,available,300,0.9999959999999999,0.0,,0,0.0,0.0032763245787961193,-0.0032763245787961193,0.0,0.0,0.0,1.0,20,0.33066500000000004,0.0,0.33066500000000004,0.0,0,0,0.999996,,银行,-0.13394899999999998,服饰,-0.00046
strong_index_participation_v1,baseline_2y_1y_5fold,5,2025-04-01,2026-03-31,relative_lag_in_strong_benchmark_context,2025-04-22,SH.000300,2025-04-01,available,300,0.9999959999999999,0.0,,0,0.0,-0.00024571452727706333,0.00024571452727706333,0.0,0.0,0.0,1.0,20,0.33066500000000004,0.0,0.33066500000000004,0.0,0,0,0.999996,,银行,-0.13394899999999998,服饰,-0.00046
strong_index_participation_v1,baseline_2y_1y_5fold,5,2025-04-01,2026-03-31,relative_lag_in_strong_benchmark_context,2025-04-23,SH.000300,2025-04-01,available,300,0.9999959999999999,0.0,,0,0.0,0.0007743231279484508,-0.0007743231279484508,0.0,0.0,0.0,1.0,20,0.33066500000000004,0.0,0.33066500000000004,0.0,0,0,0.999996,,银行,-0.13394899999999998,服饰,-0.00046
strong_index_participation_v1,baseline_2y_1y_5fold,5,2025-04-01,2026-03-31,relative_lag_in_strong_benchmark_context,2025-04-24,SH.000300,2025-04-01,available,300,0.9999959999999999,0.0,,0,0.0,-0.000665455467297571,0.000665455467297571,0.0,0.0,0.0,1.0,20,0.33066500000000004,0.0,0.33066500000000004,0.0,0,0,0.999996,,银行,-0.13394899999999998,服饰,-0.00046
strong_index_participation_v1,baseline_2y_1y_5fold,5,2025-04-01,2026-03-31,relative_lag_in_strong_benchmark_context,2025-04-25,SH.000300,2025-04-01,available,300,0.9999959999999999,0.0,,0,0.0,0.0006949655952392941,-0.0006949655952392941,0.0,0.0,0.0,1.0,20,0.33066500000000004,0.0,0.33066500000000004,0.0,0,0,0.999996,,银行,-0.13394899999999998,服饰,-0.00046
strong_index_participation_v1,baseline_2y_1y_5fold,5,2025-04-01,2026-03-31,relative_lag_in_strong_benchmark_context,2025-04-28,SH.000300,2025-04-01,available,300,0.9999959999999999,0.0,,0,0.0,-0.0014180127225051908,0.0014180127225051908,0.0,0.0,0.0,1.0,20,0.33066500000000004,0.0,0.33066500000000004,0.0,0,0,0.999996,,银行,-0.13394899999999998,服饰,-0.00046
strong_index_participation_v1,baseline_2y_1y_5fold,5,2025-04-01,2026-03-31,relative_lag_in_strong_benchmark_context,2025-04-29,SH.000300,2025-04-01,available,300,0.9999959999999999,0.0,,0,0.0,-0.0017294175512082566,0.0017294175512082566,0.0,0.0,0.0,1.0,20,0.33066500000000004,0.0,0.33066500000000004,0.0,0,0,0.999996,,银行,-0.13394899999999998,服饰,-0.00046
strong_index_participation_v1,baseline_2y_1y_5fold,5,2025-04-01,2026-03-31,relative_lag_in_strong_benchmark_context,2025-04-30,SH.000300,2025-04-01,available,300,0.9999959999999999,0.0,,0,0.0,-0.001194676669103667,0.001194676669103667,0.0,0.0,0.0,1.0,20,0.33066500000000004,0.0,0.33066500000000004,0.0,0,0,0.999996,,银行,-0.13394899999999998,服饰,-0.00046
strong_index_participation_v1,baseline_2y_1y_5fold,5,2025-04-01,2026-03-31,relative_lag_in_strong_benchmark_context,2025-05-06,SH.000300,2025-04-30,available,300,1.0000200000000001,0.0,,0,0.0,0.010070095502801912,-0.010070095502801912,0.0,0.0,0.0,1.0,20,0.33317,0.0,0.33317,0.0,0,0,1.00002,,银行,-0.13805,服饰,-0.00039
strong_index_participation_v1,baseline_2y_1y_5fold,5,2025-04-01,2026-03-31,relative_lag_in_strong_benchmark_context,2025-05-07,SH.000300,2025-05-06,available,300,1.0000049999999998,0.0,,0,0.0,0.006062690689870642,-0.006062690689870642,0.0,0.0,0.0,1.0,20,0.331183,0.0,0.331183,0.0,0,0,1.000005,,银行,-0.13666,服饰,-0.000392
strong_index_participation_v1,baseline_2y_1y_5fold,5,2025-04-01,2026-03-31,relative_lag_in_strong_benchmark_context,2025-05-08,SH.000300,2025-05-06,available,300,1.0000049999999998,0.0,,0,0.0,0.00555116229907382,-0.00555116229907382,0.0,0.0,0.0,1.0,20,0.331183,0.0,0.331183,0.0,0,0,1.000005,,银行,-0.13666,服饰,-0.000392
strong_index_participation_v1,baseline_2y_1y_5fold,5,2025-04-01,2026-03-31,relative_lag_in_strong_benchmark_context,2025-05-09,SH.000300,2025-05-06,available,300,1.0000049999999998,0.0,,0,0.0,-0.00174933167224689,0.00174933167224689,0.0,0.0,0.0,1.0,20,0.331183,0.0,0.331183,0.0,0,0,1.000005,,银行,-0.13666,服饰,-0.000392
strong_index_participation_v1,baseline_2y_1y_5fold,5,2025-04-01,2026-03-31,relative_lag_in_strong_benchmark_context,2025-05-12,SH.000300,2025-05-06,available,300,1.0000049999999998,0.0,,0,0.0,0.011556981508829667,-0.011556981508829667,0.0,0.0,0.0,1.0,20,0.331183,0.0,0.331183,0.0,0,0,1.000005,,银行,-0.13666,服饰,-0.000392
strong_index_participation_v1,baseline_2y_1y_5fold,5,2025-04-01,2026-03-31,relative_lag_in_strong_benchmark_context,2025-05-13,SH.000300,2025-05-06,available,300,1.0000049999999998,0.0,,0,0.0,0.0014522144342403731,-0.0014522144342403731,0.0,0.0,0.0,1.0,20,0.331183,0.0,0.331183,0.0,0,0,1.000005,,银行,-0.13666,服饰,-0.000392
strong_index_participation_v1,baseline_2y_1y_5fold,5,2025-04-01,2026-03-31,relative_lag_in_strong_benchmark_context,2025-05-14,SH.000300,2025-05-06,available,300,1.0000049999999998,0.0,,0,0.0,0.012050017195977647,-0.012050017195977647,0.0,0.0,0.0,1.0,20,0.331183,0.0,0.331183,0.0,0,0,1.000005,,银行,-0.13666,服饰,-0.000392
strong_index_participation_v1,baseline_2y_1y_5fold,5,2025-04-01,2026-03-31,relative_lag_in_strong_benchmark_context,2025-05-15,SH.000300,2025-05-06,available,300,1.0000049999999998,0.0,,0,0.0,-0.00913215375290699,0.00913215375290699,0.0,0.0,0.0,1.0,20,0.331183,0.0,0.331183,0.0,0,0,1.000005,,银行,-0.13666,服饰,-0.000392
strong_index_participation_v1,baseline_2y_1y_5fold,5,2025-04-01,2026-03-31,relative_lag_in_strong_benchmark_context,2025-05-16,SH.000300,2025-05-06,available,300,1.0000049999999998,0.0,,0,0.0,-0.004635032760032631,0.004635032760032631,0.0,0.0,0.0,1.0,20,0.331183,0.0,0.331183,0.0,0,0,1.000005,,银行,-0.13666,服饰,-0.000392
strong_index_participation_v1,baseline_2y_1y_5fold,5,2025-04-01,2026-03-31,relative_lag_in_strong_benchmark_context,2025-05-19,SH.000300,2025-05-06,available,300,1.0000049999999998,0.0,,0,0.0,-0.003070126944863749,0.003070126944863749,0.0,0.0,0.0,1.0,20,0.331183,0.0,0.331183,0.0,0,0,1.000005,,银行,-0.13666,服饰,-0.000392
strong_index_participation_v1,baseline_2y_1y_5fold,5,2025-04-01,2026-03-31,relative_lag_in_strong_benchmark_context,2025-05-20,SH.000300,2025-05-06,available,300,1.0000049999999998,0.0,,0,0.0,0.005421508066492109,-0.005421508066492109,0.0,0.0,0.0,1.0,20,0.331183,0.0,0.331183,0.0,0,0,1.000005,,银行,-0.13666,服饰,-0.000392
strong_index_participation_v1,baseline_2y_1y_5fold,5,2025-04-01,2026-03-31,relative_lag_in_strong_benchmark_context,2025-05-21,SH.000300,2025-05-06,available,300,1.0000049999999998,0.0,,0,0.0,0.004671422744518594,-0.004671422744518594,0.0,0.0,0.0,1.0,20,0.331183,0.0,0.331183,0.0,0,0,1.000005,,银行,-0.13666,服饰,-0.000392
strong_index_participation_v1,baseline_2y_1y_5fold,5,2025-04-01,2026-03-31,relative_lag_in_strong_benchmark_context,2025-05-22,SH.000300,2025-05-06,available,300,1.0000049999999998,0.0,,0,0.0,-0.0006408979721069796,0.0006408979721069796,0.0,0.0,0.0,1.0,20,0.331183,0.0,0.331183,0.0,0,0,1.000005,,银行,-0.13666,服饰,-0.000392
strong_index_participation_v1,baseline_2y_1y_5fold,5,2025-04-01,2026-03-31,relative_lag_in_strong_benchmark_context,2025-05-23,SH.000300,2025-05-06,available,300,1.0000049999999998,0.0,,0,0.0,-0.00807385017897888,0.00807385017897888,0.0,0.0,0.0,1.0,20,0.331183,0.0,0.331183,0.0,0,0,1.000005,,银行,-0.13666,服饰,-0.000392
strong_index_participation_v1,baseline_2y_1y_5fold,5,2025-04-01,2026-03-31,relative_lag_in_strong_benchmark_context,2025-05-26,SH.000300,2025-05-06,available,300,1.0000049999999998,0.0,,0,0.0,-0.005708000731530771,0.005708000731530771,0.0,0.0,0.0,1.0,20,0.331183,0.0,0.331183,0.0,0,0,1.000005,,银行,-0.13666,服饰,-0.000392
strong_index_participation_v1,baseline_2y_1y_5fold,5,2025-04-01,2026-03-31,relative_lag_in_strong_benchmark_context,2025-05-27,SH.000300,2025-05-06,available,300,1.0000049999999998,0.0,,0,0.0,-0.0053651320817282855,0.0053651320817282855,0.0,0.0,0.0,1.0,20,0.331183,0.0,0.331183,0.0,0,0,1.000005,,银行,-0.13666,服饰,-0.000392
strong_index_participation_v1,baseline_2y_1y_5fold,5,2025-04-01,2026-03-31,relative_lag_in_strong_benchmark_context,2025-05-28,SH.000300,2025-05-06,available,300,1.0000049999999998,0.0,,0,0.0,-0.0008230452674897748,0.0008230452674897748,0.0,0.0,0.0,1.0,20,0.331183,0.0,0.331183,0.0,0,0,1.000005,,银行,-0.13666,服饰,-0.000392
strong_index_participation_v1,baseline_2y_1y_5fold,5,2025-04-01,2026-03-31,relative_lag_in_strong_benchmark_context,2025-05-29,SH.000300,2025-05-06,available,300,1.0000049999999998,0.0,,0,0.0,0.0058546910516548145,-0.0058546910516548145,0.0,0.0,0.0,1.0,20,0.331183,0.0,0.331183,0.0,0,0,1.000005,,银行,-0.13666,服饰,-0.000392
strong_index_participation_v1,baseline_2y_1y_5fold,5,2025-04-01,2026-03-31,relative_lag_in_strong_benchmark_context,2025-05-30,SH.000300,2025-05-06,available,300,1.0000049999999998,0.0,,0,0.0,-0.004786586155959172,0.004786586155959172,0.0,0.0,0.0,1.0,20,0.331183,0.0,0.331183,0.0,0,0,1.000005,,银行,-0.13666,服饰,-0.000392
strong_index_participation_v1,baseline_2y_1y_5fold,5,2025-04-01,2026-03-31,relative_lag_in_strong_benchmark_context,2025-06-03,SH.000300,2025-05-30,available,300,1.00002,0.0,,0,0.0,0.0030675246013911472,-0.0030675246013911472,0.0,0.0,0.0,1.0,20,0.33637999999999996,0.0,0.33637999999999996,0.0,0,0,1.00002,,银行,-0.14347,服饰,-0.0004
strong_index_participation_v1,baseline_2y_1y_5fold,5,2025-04-01,2026-03-31,relative_lag_in_strong_benchmark_context,2025-06-04,SH.000300,2025-06-03,available,300,0.999996,0.0,,0,0.0,0.0043431870633772185,-0.0043431870633772185,0.0,0.0,0.0,1.0,20,0.336469,0.0,0.336469,0.0,0,0,0.999996,,银行,-0.145551,服饰,-0.000397
strong_index_participation_v1,baseline_2y_1y_5fold,5,2025-04-01,2026-03-31,relative_lag_in_strong_benchmark_context,2025-06-05,SH.000300,2025-06-03,available,300,0.999996,0.0,,0,0.0,0.0022798120318243686,-0.0022798120318243686,0.0,0.0,0.0,1.0,20,0.336469,0.0,0.336469,0.0,0,0,0.999996,,银行,-0.145551,服饰,-0.000397
strong_index_participation_v1,baseline_2y_1y_5fold,5,2025-04-01,2026-03-31,relative_lag_in_strong_benchmark_context,2025-06-06,SH.000300,2025-06-03,available,300,0.999996,0.0,,0,0.0,-0.0009232610198165458,0.0009232610198165458,0.0,0.0,0.0,1.0,20,0.336469,0.0,0.336469,0.0,0,0,0.999996,,银行,-0.145551,服饰,-0.000397
strong_index_participation_v1,baseline_2y_1y_5fold,5,2025-04-01,2026-03-31,relative_lag_in_strong_benchmark_context,2025-06-09,SH.000300,2025-06-03,available,300,0.999996,0.0,,0,0.0,0.0029091528608820028,-0.0029091528608820028,0.0,0.0,0.0,1.0,20,0.336469,0.0,0.336469,0.0,0,0,0.999996,,银行,-0.145551,服饰,-0.000397
strong_index_participation_v1,baseline_2y_1y_5fold,5,2025-04-01,2026-03-31,relative_lag_in_strong_benchmark_context,2025-06-10,SH.000300,2025-06-03,available,300,0.999996,0.0,,0,0.0,-0.005091049482015331,0.005091049482015331,0.0,0.0,0.0,1.0,20,0.336469,0.0,0.336469,0.0,0,0,0.999996,,银行,-0.145551,服饰,-0.000397
strong_index_participation_v1,baseline_2y_1y_5fold,5,2025-04-01,2026-03-31,relative_lag_in_strong_benchmark_context,2025-06-11,SH.000300,2025-06-03,available,300,0.999996,0.0,,0,0.0,0.007543713959751397,-0.007543713959751397,0.0,0.0,0.0,1.0,20,0.336469,0.0,0.336469,0.0,0,0,0.999996,,银行,-0.145551,服饰,-0.000397
strong_index_participation_v1,baseline_2y_1y_5fold,5,2025-04-01,2026-03-31,relative_lag_in_strong_benchmark_context,2025-06-12,SH.000300,2025-06-03,available,300,0.999996,0.0,,0,0.0,-0.0006239360350021039,0.0006239360350021039,0.0,0.0,0.0,1.0,20,0.336469,0.0,0.336469,0.0,0,0,0.999996,,银行,-0.145551,服饰,-0.000397
strong_index_participation_v1,baseline_2y_1y_5fold,5,2025-04-01,2026-03-31,relative_lag_in_strong_benchmark_context,2025-06-13,SH.000300,2025-06-03,available,300,0.999996,0.0,,0,0.0,-0.007199013411438249,0.007199013411438249,0.0,0.0,0.0,1.0,20,0.336469,0.0,0.336469,0.0,0,0,0.999996,,银行,-0.145551,服饰,-0.000397
strong_index_participation_v1,baseline_2y_1y_5fold,5,2025-04-01,2026-03-31,relative_lag_in_strong_benchmark_context,2025-06-16,SH.000300,2025-06-03,available,300,0.999996,0.0,,0,0.0,0.0024895320611360017,-0.0024895320611360017,0.0,0.0,0.0,1.0,20,0.336469,0.0,0.336469,0.0,0,0,0.999996,,银行,-0.145551,服饰,-0.000397
strong_index_participation_v1,baseline_2y_1y_5fold,5,2025-04-01,2026-03-31,relative_lag_in_strong_benchmark_context,2025-06-17,SH.000300,2025-06-03,available,300,0.999996,0.0,,0,0.0,-0.000882854045123671,0.000882854045123671,0.0,0.0,0.0,1.0,20,0.336469,0.0,0.336469,0.0,0,0,0.999996,,银行,-0.145551,服饰,-0.000397
strong_index_participation_v1,baseline_2y_1y_5fold,5,2025-04-01,2026-03-31,relative_lag_in_strong_benchmark_context,2025-06-18,SH.000300,2025-06-03,available,300,0.999996,0.0,,0,0.0,0.0011859300637147019,-0.0011859300637147019,0.0,0.0,0.0,1.0,20,0.336469,0.0,0.336469,0.0,0,0,0.999996,,银行,-0.145551,服饰,-0.000397
strong_index_participation_v1,baseline_2y_1y_5fold,5,2025-04-01,2026-03-31,relative_lag_in_strong_benchmark_context,2025-06-19,SH.000300,2025-06-03,available,300,0.999996,0.0,,0,0.0,-0.008227160468339045,0.008227160468339045,0.0,0.0,0.0,1.0,20,0.336469,0.0,0.336469,0.0,0,0,0.999996,,银行,-0.145551,服饰,-0.000397
strong_index_participation_v1,baseline_2y_1y_5fold,5,2025-04-01,2026-03-31,relative_lag_in_strong_benchmark_context,2025-06-20,SH.000300,2025-06-03,available,300,0.999996,0.0,,0,0.0,0.0009237358479763369,-0.0009237358479763369,0.0,0.0,0.0,1.0,20,0.336469,0.0,0.336469,0.0,0,0,0.999996,,银行,-0.145551,服饰,-0.000397
strong_index_participation_v1,baseline_2y_1y_5fold,5,2025-04-01,2026-03-31,relative_lag_in_strong_benchmark_context,2025-06-23,SH.000300,2025-06-03,available,300,0.999996,0.0,,0,0.0,0.0029272299981282224,-0.0029272299981282224,0.0,0.0,0.0,1.0,20,0.336469,0.0,0.336469,0.0,0,0,0.999996,,银行,-0.145551,服饰,-0.000397
strong_index_participation_v1,baseline_2y_1y_5fold,5,2025-04-01,2026-03-31,relative_lag_in_strong_benchmark_context,2025-06-24,SH.000300,2025-06-03,available,300,0.999996,0.0,,0,0.0,0.011957282459369223,-0.011957282459369223,0.0,0.0,0.0,1.0,20,0.336469,0.0,0.336469,0.0,0,0,0.999996,,银行,-0.145551,服饰,-0.000397
strong_index_participation_v1,baseline_2y_1y_5fold,5,2025-04-01,2026-03-31,relative_lag_in_strong_benchmark_context,2025-06-25,SH.000300,2025-06-03,available,300,0.999996,0.0,,0,0.0,0.014354397891409576,-0.014354397891409576,0.0,0.0,0.0,1.0,20,0.336469,0.0,0.336469,0.0,0,0,0.999996,,银行,-0.145551,服饰,-0.000397
strong_index_participation_v1,baseline_2y_1y_5fold,5,2025-04-01,2026-03-31,relative_lag_in_strong_benchmark_context,2025-06-26,SH.000300,2025-06-03,available,300,0.999996,0.0,,0,0.0,-0.003547917082273866,0.003547917082273866,0.0,0.0,0.0,1.0,20,0.336469,0.0,0.336469,0.0,0,0,0.999996,,银行,-0.145551,服饰,-0.000397
strong_index_participation_v1,baseline_2y_1y_5fold,5,2025-04-01,2026-03-31,relative_lag_in_strong_benchmark_context,2025-06-27,SH.000300,2025-06-03,available,300,0.999996,0.0,,0,0.0,-0.0061479668121295905,0.0061479668121295905,0.0,0.0,0.0,1.0,20,0.336469,0.0,0.336469,0.0,0,0,0.999996,,银行,-0.145551,服饰,-0.000397
strong_index_participation_v1,baseline_2y_1y_5fold,5,2025-04-01,2026-03-31,relative_lag_in_strong_benchmark_context,2025-06-30,SH.000300,2025-06-03,available,300,0.999996,0.0,,0,0.0,0.003651421810615618,-0.003651421810615618,0.0,0.0,0.0,1.0,20,0.336469,0.0,0.336469,0.0,0,0,0.999996,,银行,-0.145551,服饰,-0.000397
strong_index_participation_v1,baseline_2y_1y_5fold,5,2025-04-01,2026-03-31,relative_lag_in_strong_benchmark_context,2025-07-01,SH.000300,2025-06-30,available,300,1.00001,0.0,,0,0.0,0.0016971199772362056,-0.0016971199772362056,0.0,0.0,0.0,1.0,20,0.33169000000000004,0.0,0.33169000000000004,0.0,0,0,1.00001,,银行,-0.15443,服饰,-0.00037999999999999997
strong_index_participation_v1,baseline_2y_1y_5fold,5,2025-04-01,2026-03-31,relative_lag_in_strong_benchmark_context,2025-07-02,SH.000300,2025-07-01,available,300,0.999997,0.0,,0,0.0,0.0002333390822670811,-0.0002333390822670811,0.0,0.0,0.0,1.0,20,0.33214399999999994,0.0,0.33214399999999994,0.0,0,0,0.999997,,银行,-0.157126,服饰,-0.000375
strong_index_participation_v1,baseline_2y_1y_5fold,5,2025-04-01,2026-03-31,relative_lag_in_strong_benchmark_context,2025-07-03,SH.000300,2025-07-01,available,300,0.999997,0.0,,0,0.0,0.006184578870496615,-0.006184578870496615,0.0,0.0,0.0,1.0,20,0.33214399999999994,0.0,0.33214399999999994,0.0,0,0,0.999997,,银行,-0.157126,服饰,-0.000375
strong_index_participation_v1,baseline_2y_1y_5fold,5,2025-04-01,2026-03-31,relative_lag_in_strong_benchmark_context,2025-07-04,SH.000300,2025-07-01,available,300,0.999997,0.0,,0,0.0,0.003560925084486799,-0.003560925084486799,0.0,0.0,0.0,1.0,20,0.33214399999999994,0.0,0.33214399999999994,0.0,0,0,0.999997,,银行,-0.157126,服饰,-0.000375
strong_index_participation_v1,baseline_2y_1y_5fold,5,2025-04-01,2026-03-31,relative_lag_in_strong_benchmark_context,2025-07-07,SH.000300,2025-07-01,available,300,0.999997,0.0,,0,0.0,-0.004276530560996417,0.004276530560996417,0.0,0.0,0.0,1.0,20,0.33214399999999994,0.0,0.33214399999999994,0.0,0,0,0.999997,,银行,-0.157126,服饰,-0.000375
strong_index_participation_v1,baseline_2y_1y_5fold,5,2025-04-01,2026-03-31,relative_lag_in_strong_benchmark_context,2025-07-08,SH.000300,2025-07-01,available,300,0.999997,0.0,,0,0.0,0.008393082768204163,-0.008393082768204163,0.0,0.0,0.0,1.0,20,0.33214399999999994,0.0,0.33214399999999994,0.0,0,0,0.999997,,银行,-0.157126,服饰,-0.000375
strong_index_participation_v1,baseline_2y_1y_5fold,5,2025-04-01,2026-03-31,relative_lag_in_strong_benchmark_context,2025-07-09,SH.000300,2025-07-01,available,300,0.999997,0.0,,0,0.0,-0.0017631832335028852,0.0017631832335028852,0.0,0.0,0.0,1.0,20,0.33214399999999994,0.0,0.33214399999999994,0.0,0,0,0.999997,,银行,-0.157126,服饰,-0.000375
strong_index_participation_v1,baseline_2y_1y_5fold,5,2025-04-01,2026-03-31,relative_lag_in_strong_benchmark_context,2025-07-10,SH.000300,2025-07-01,available,300,0.999997,0.0,,0,0.0,0.004665029814100219,-0.004665029814100219,0.0,0.0,0.0,1.0,20,0.33214399999999994,0.0,0.33214399999999994,0.0,0,0,0.999997,,银行,-0.157126,服饰,-0.000375
strong_index_participation_v1,baseline_2y_1y_5fold,5,2025-04-01,2026-03-31,relative_lag_in_strong_benchmark_context,2025-07-11,SH.000300,2025-07-01,available,300,0.999997,0.0,,0,0.0,0.0011945077580659547,-0.0011945077580659547,0.0,0.0,0.0,1.0,20,0.33214399999999994,0.0,0.33214399999999994,0.0,0,0,0.999997,,银行,-0.157126,服饰,-0.000375
strong_index_participation_v1,baseline_2y_1y_5fold,5,2025-04-01,2026-03-31,relative_lag_in_strong_benchmark_context,2025-07-14,SH.000300,2025-07-01,available,300,0.999997,0.0,,0,0.0,0.0007123624779254989,-0.0007123624779254989,0.0,0.0,0.0,1.0,20,0.33214399999999994,0.0,0.33214399999999994,0.0,0,0,0.999997,,银行,-0.157126,服饰,-0.000375
strong_index_participation_v1,baseline_2y_1y_5fold,5,2025-04-01,2026-03-31,relative_lag_in_strong_benchmark_context,2025-07-15,SH.000300,2025-07-01,available,300,0.999997,0.0,,0,0.0,0.00034597167014704944,-0.00034597167014704944,0.0,0.0,0.0,1.0,20,0.33214399999999994,0.0,0.33214399999999994,0.0,0,0,0.999997,,银行,-0.157126,服饰,-0.000375
strong_index_participation_v1,baseline_2y_1y_5fold,5,2025-04-01,2026-03-31,relative_lag_in_strong_benchmark_context,2025-07-16,SH.000300,2025-07-01,available,300,0.999997,0.0,,0,0.0,-0.0029509387767289175,0.0029509387767289175,0.0,0.0,0.0,1.0,20,0.33214399999999994,0.0,0.33214399999999994,0.0,0,0,0.999997,,银行,-0.157126,服饰,-0.000375
strong_index_participation_v1,baseline_2y_1y_5fold,5,2025-04-01,2026-03-31,relative_lag_in_strong_benchmark_context,2025-07-17,SH.000300,2025-07-01,available,300,0.999997,0.0,,0,0.0,0.006810241565182729,-0.006810241565182729,0.0,0.0,0.0,1.0,20,0.33214399999999994,0.0,0.33214399999999994,0.0,0,0,0.999997,,银行,-0.157126,服饰,-0.000375
strong_index_participation_v1,baseline_2y_1y_5fold,5,2025-04-01,2026-03-31,relative_lag_in_strong_benchmark_context,2025-07-18,SH.000300,2025-07-01,available,300,0.999997,0.0,,0,0.0,0.005963579039730105,-0.005963579039730105,0.0,0.0,0.0,1.0,20,0.33214399999999994,0.0,0.33214399999999994,0.0,0,0,0.999997,,银行,-0.157126,服饰,-0.000375
strong_index_participation_v1,baseline_2y_1y_5fold,5,2025-04-01,2026-03-31,relative_lag_in_strong_benchmark_context,2025-07-21,SH.000300,2025-07-01,available,300,0.999997,0.0,,0,0.0,0.00666740584691583,-0.00666740584691583,0.0,0.0,0.0,1.0,20,0.33214399999999994,0.0,0.33214399999999994,0.0,0,0,0.999997,,银行,-0.157126,服饰,-0.000375
strong_index_participation_v1,baseline_2y_1y_5fold,5,2025-04-01,2026-03-31,relative_lag_in_strong_benchmark_context,2025-07-22,SH.000300,2025-07-01,available,300,0.999997,0.0,,0,0.0,0.008162795763668074,-0.008162795763668074,0.0,0.0,0.0,1.0,20,0.33214399999999994,0.0,0.33214399999999994,0.0,0,0,0.999997,,银行,-0.157126,服饰,-0.000375
strong_index_participation_v1,baseline_2y_1y_5fold,5,2025-04-01,2026-03-31,relative_lag_in_strong_benchmark_context,2025-07-23,SH.000300,2025-07-01,available,300,0.999997,0.0,,0,0.0,0.00019665158195292243,-0.00019665158195292243,0.0,0.0,0.0,1.0,20,0.33214399999999994,0.0,0.33214399999999994,0.0,0,0,0.999997,,银行,-0.157126,服饰,-0.000375
strong_index_participation_v1,baseline_2y_1y_5fold,5,2025-04-01,2026-03-31,relative_lag_in_strong_benchmark_context,2025-07-24,SH.000300,2025-07-01,available,300,0.999997,0.0,,0,0.0,0.007104765557300441,-0.007104765557300441,0.0,0.0,0.0,1.0,20,0.33214399999999994,0.0,0.33214399999999994,0.0,0,0,0.999997,,银行,-0.157126,服饰,-0.000375
strong_index_participation_v1,baseline_2y_1y_5fold,5,2025-04-01,2026-03-31,relative_lag_in_strong_benchmark_context,2025-07-25,SH.000300,2025-07-01,available,300,0.999997,0.0,,0,0.0,-0.005273509052696523,0.005273509052696523,0.0,0.0,0.0,1.0,20,0.33214399999999994,0.0,0.33214399999999994,0.0,0,0,0.999997,,银行,-0.157126,服饰,-0.000375
strong_index_participation_v1,baseline_2y_1y_5fold,5,2025-04-01,2026-03-31,relative_lag_in_strong_benchmark_context,2025-07-28,SH.000300,2025-07-01,available,300,0.999997,0.0,,0,0.0,0.002098295195727795,-0.002098295195727795,0.0,0.0,0.0,1.0,20,0.33214399999999994,0.0,0.33214399999999994,0.0,0,0,0.999997,,银行,-0.157126,服饰,-0.000375
strong_index_participation_v1,baseline_2y_1y_5fold,5,2025-04-01,2026-03-31,relative_lag_in_strong_benchmark_context,2025-07-29,SH.000300,2025-07-01,available,300,0.999997,0.0,,0,0.0,0.0039169983219773385,-0.0039169983219773385,0.0,0.0,0.0,1.0,20,0.33214399999999994,0.0,0.33214399999999994,0.0,0,0,0.999997,,银行,-0.157126,服饰,-0.000375
strong_index_participation_v1,baseline_2y_1y_5fold,5,2025-04-01,2026-03-31,relative_lag_in_strong_benchmark_context,2025-07-30,SH.000300,2025-07-01,available,300,0.999997,0.0,,0,0.0,-0.0001878603667614387,0.0001878603667614387,0.0,0.0,0.0,1.0,20,0.33214399999999994,0.0,0.33214399999999994,0.0,0,0,0.999997,,银行,-0.157126,服饰,-0.000375
strong_index_participation_v1,baseline_2y_1y_5fold,5,2025-04-01,2026-03-31,relative_lag_in_strong_benchmark_context,2025-07-31,SH.000300,2025-07-01,available,300,0.999997,0.0,,0,0.0,-0.018223470577465872,0.018223470577465872,0.0,0.0,0.0,1.0,20,0.33214399999999994,0.0,0.33214399999999994,0.0,0,0,0.999997,,银行,-0.157126,服饰,-0.000375
strong_index_participation_v1,baseline_2y_1y_5fold,5,2025-04-01,2026-03-31,relative_lag_in_strong_benchmark_context,2025-08-01,SH.000300,2025-07-31,available,300,0.99997,0.0,,0,0.0,-0.005069204704104213,0.005069204704104213,0.0,0.0,0.0,1.0,20,0.32687,0.0,0.32687,0.0,0,0,0.99997,,银行,-0.14767,服饰,-0.00037
strong_index_participation_v1,baseline_2y_1y_5fold,5,2025-04-01,2026-03-31,relative_lag_in_strong_benchmark_context,2025-08-04,SH.000300,2025-08-01,available,300,1.00001,0.0,,0,0.0,0.0038890930299659843,-0.0038890930299659843,0.0,0.0,0.0,1.0,20,0.327042,0.0,0.327042,0.0,0,0,1.00001,,银行,-0.148794,服饰,-0.00036700000000000003
strong_index_participation_v1,baseline_2y_1y_5fold,5,2025-04-01,2026-03-31,relative_lag_in_strong_benchmark_context,2025-08-05,SH.000300,2025-08-01,available,300,1.00001,0.0,,0,0.0,0.008045299334266787,-0.008045299334266787,0.0,0.0,0.0,1.0,20,0.327042,0.0,0.327042,0.0,0,0,1.00001,,银行,-0.148794,服饰,-0.00036700000000000003
strong_index_participation_v1,baseline_2y_1y_5fold,5,2025-04-01,2026-03-31,relative_lag_in_strong_benchmark_context,2025-08-06,SH.000300,2025-08-01,available,300,1.00001,0.0,,0,0.0,0.002446721661041318,-0.002446721661041318,0.0,0.0,0.0,1.0,20,0.327042,0.0,0.327042,0.0,0,0,1.00001,,银行,-0.148794,服饰,-0.00036700000000000003
strong_index_participation_v1,baseline_2y_1y_5fold,5,2025-04-01,2026-03-31,relative_lag_in_strong_benchmark_context,2025-08-07,SH.000300,2025-08-01,available,300,1.00001,0.0,,0,0.0,0.0002868610352766421,-0.0002868610352766421,0.0,0.0,0.0,1.0,20,0.327042,0.0,0.327042,0.0,0,0,1.00001,,银行,-0.148794,服饰,-0.00036700000000000003
strong_index_participation_v1,baseline_2y_1y_5fold,5,2025-04-01,2026-03-31,relative_lag_in_strong_benchmark_context,2025-08-08,SH.000300,2025-08-01,available,300,1.00001,0.0,,0,0.0,-0.002357418699433955,0.002357418699433955,0.0,0.0,0.0,1.0,20,0.327042,0.0,0.327042,0.0,0,0,1.00001,,银行,-0.148794,服饰,-0.00036700000000000003
strong_index_participation_v1,baseline_2y_1y_5fold,5,2025-04-01,2026-03-31,relative_lag_in_strong_benchmark_context,2025-08-11,SH.000300,2025-08-01,available,300,1.00001,0.0,,0,0.0,0.004272869229251297,-0.004272869229251297,0.0,0.0,0.0,1.0,20,0.327042,0.0,0.327042,0.0,0,0,1.00001,,银行,-0.148794,服饰,-0.00036700000000000003
strong_index_participation_v1,baseline_2y_1y_5fold,5,2025-04-01,2026-03-31,relative_lag_in_strong_benchmark_context,2025-08-12,SH.000300,2025-08-01,available,300,1.00001,0.0,,0,0.0,0.005171606618298075,-0.005171606618298075,0.0,0.0,0.0,1.0,20,0.327042,0.0,0.327042,0.0,0,0,1.00001,,银行,-0.148794,服饰,-0.00036700000000000003
strong_index_participation_v1,baseline_2y_1y_5fold,5,2025-04-01,2026-03-31,relative_lag_in_strong_benchmark_context,2025-08-13,SH.000300,2025-08-01,available,300,1.00001,0.0,,0,0.0,0.007903316497057,-0.007903316497057,0.0,0.0,0.0,1.0,20,0.327042,0.0,0.327042,0.0,0,0,1.00001,,银行,-0.148794,服饰,-0.00036700000000000003
strong_index_participation_v1,baseline_2y_1y_5fold,5,2025-04-01,2026-03-31,relative_lag_in_strong_benchmark_context,2025-08-14,SH.000300,2025-08-01,available,300,1.00001,0.0,,0,0.0,-0.0007829372357286424,0.0007829372357286424,0.0,0.0,0.0,1.0,20,0.327042,0.0,0.327042,0.0,0,0,1.00001,,银行,-0.148794,服饰,-0.00036700000000000003
strong_index_participation_v1,baseline_2y_1y_5fold,5,2025-04-01,2026-03-31,relative_lag_in_strong_benchmark_context,2025-08-15,SH.000300,2025-08-01,available,300,1.00001,0.0,,0,0.0,0.006958505359055511,-0.006958505359055511,0.0,0.0,0.0,1.0,20,0.327042,0.0,0.327042,0.0,0,0,1.00001,,银行,-0.148794,服饰,-0.00036700000000000003
strong_index_participation_v1,baseline_2y_1y_5fold,5,2025-04-01,2026-03-31,relative_lag_in_strong_benchmark_context,2025-08-18,SH.000300,2025-08-01,available,300,1.00001,0.0,,0,0.0,0.00881887515318791,-0.00881887515318791,0.0,0.0,0.0,1.0,20,0.327042,0.0,0.327042,0.0,0,0,1.00001,,银行,-0.148794,服饰,-0.00036700000000000003
strong_index_participation_v1,baseline_2y_1y_5fold,5,2025-04-01,2026-03-31,relative_lag_in_strong_benchmark_context,2025-08-19,SH.000300,2025-08-01,available,300,1.00001,0.0,,0,0.0,-0.0037835453518295648,0.0037835453518295648,0.0,0.0,0.0,1.0,20,0.327042,0.0,0.327042,0.0,0,0,1.00001,,银行,-0.148794,服饰,-0.00036700000000000003
strong_index_participation_v1,baseline_2y_1y_5fold,5,2025-04-01,2026-03-31,relative_lag_in_strong_benchmark_context,2025-08-20,SH.000300,2025-08-01,available,300,1.00001,0.0,,0,0.0,0.01137243480916883,-0.01137243480916883,0.0,0.0,0.0,1.0,20,0.327042,0.0,0.327042,0.0,0,0,1.00001,,银行,-0.148794,服饰,-0.00036700000000000003
strong_index_participation_v1,baseline_2y_1y_5fold,5,2025-04-01,2026-03-31,relative_lag_in_strong_benchmark_context,2025-08-21,SH.000300,2025-08-01,available,300,1.00001,0.0,,0,0.0,0.0039027016903123712,-0.0039027016903123712,0.0,0.0,0.0,1.0,20,0.327042,0.0,0.327042,0.0,0,0,1.00001,,银行,-0.148794,服饰,-0.00036700000000000003
strong_index_participation_v1,baseline_2y_1y_5fold,5,2025-04-01,2026-03-31,relative_lag_in_strong_benchmark_context,2025-08-22,SH.000300,2025-08-01,available,300,1.00001,0.0,,0,0.0,0.020972138980940302,-0.020972138980940302,0.0,0.0,0.0,1.0,20,0.327042,0.0,0.327042,0.0,0,0,1.00001,,银行,-0.148794,服饰,-0.00036700000000000003
strong_index_participation_v1,baseline_2y_1y_5fold,5,2025-04-01,2026-03-31,relative_lag_in_strong_benchmark_context,2025-08-25,SH.000300,2025-08-01,available,300,1.00001,0.0,,0,0.0,0.020835998172681558,-0.020835998172681558,0.0,0.0,0.0,1.0,20,0.327042,0.0,0.327042,0.0,0,0,1.00001,,银行,-0.148794,服饰,-0.00036700000000000003
strong_index_participation_v1,baseline_2y_1y_5fold,5,2025-04-01,2026-03-31,relative_lag_in_strong_benchmark_context,2025-08-26,SH.000300,2025-08-01,available,300,1.00001,0.0,,0,0.0,-0.003721007245112151,0.003721007245112151,0.0,0.0,0.0,1.0,20,0.327042,0.0,0.327042,0.0,0,0,1.00001,,银行,-0.148794,服饰,-0.00036700000000000003
strong_index_participation_v1,baseline_2y_1y_5fold,5,2025-04-01,2026-03-31,relative_lag_in_strong_benchmark_context,2025-08-27,SH.000300,2025-08-01,available,300,1.00001,0.0,,0,0.0,-0.014926144109383532,0.014926144109383532,0.0,0.0,0.0,1.0,20,0.327042,0.0,0.327042,0.0,0,0,1.00001,,银行,-0.148794,服饰,-0.00036700000000000003
strong_index_participation_v1,baseline_2y_1y_5fold,5,2025-04-01,2026-03-31,relative_lag_in_strong_benchmark_context,2025-08-28,SH.000300,2025-08-01,available,300,1.00001,0.0,,0,0.0,0.017703533638993685,-0.017703533638993685,0.0,0.0,0.0,1.0,20,0.327042,0.0,0.327042,0.0,0,0,1.00001,,银行,-0.148794,服饰,-0.00036700000000000003
strong_index_participation_v1,baseline_2y_1y_5fold,5,2025-04-01,2026-03-31,relative_lag_in_strong_benchmark_context,2025-08-29,SH.000300,2025-08-01,available,300,1.00001,0.0,,0,0.0,0.007388356953075714,-0.007388356953075714,0.0,0.0,0.0,1.0,20,0.327042,0.0,0.327042,0.0,0,0,1.00001,,银行,-0.148794,服饰,-0.00036700000000000003
strong_index_participation_v1,baseline_2y_1y_5fold,5,2025-04-01,2026-03-31,relative_lag_in_strong_benchmark_context,2025-09-01,SH.000300,2025-08-29,available,300,1.0000099999999998,0.0,,0,0.0,0.00599320399576575,-0.00599320399576575,0.0,0.0,0.0,1.0,20,0.32981,0.0,0.32981,0.0,0,0,1.00001,,银行,-0.13153,服饰,-0.00034
strong_index_participation_v1,baseline_2y_1y_5fold,5,2025-04-01,2026-03-31,relative_lag_in_strong_benchmark_context,2025-09-02,SH.000300,2025-09-01,available,300,0.9999959999999999,0.0,,0,0.0,-0.0073523722785059364,0.0073523722785059364,0.0,0.0,0.0,1.0,20,0.32976600000000006,0.0,0.32976600000000006,0.0,0,0,0.999996,,银行,-0.129252,服饰,-0.000332
strong_index_participation_v1,baseline_2y_1y_5fold,5,2025-04-01,2026-03-31,relative_lag_in_strong_benchmark_context,2025-09-03,SH.000300,2025-09-01,available,300,0.9999959999999999,0.0,,0,0.0,-0.006818915698872052,0.006818915698872052,0.0,0.0,0.0,1.0,20,0.32976600000000006,0.0,0.32976600000000006,0.0,0,0,0.999996,,银行,-0.129252,服饰,-0.000332
strong_index_participation_v1,baseline_2y_1y_5fold,5,2025-04-01,2026-03-31,relative_lag_in_strong_benchmark_context,2025-09-04,SH.000300,2025-09-01,available,300,0.9999959999999999,0.0,,0,0.0,-0.02121605532049431,0.02121605532049431,0.0,0.0,0.0,1.0,20,0.32976600000000006,0.0,0.32976600000000006,0.0,0,0,0.999996,,银行,-0.129252,服饰,-0.000332
strong_index_participation_v1,baseline_2y_1y_5fold,5,2025-04-01,2026-03-31,relative_lag_in_strong_benchmark_context,2025-09-05,SH.000300,2025-09-01,available,300,0.9999959999999999,0.0,,0,0.0,0.02178818430270235,-0.02178818430270235,0.0,0.0,0.0,1.0,20,0.32976600000000006,0.0,0.32976600000000006,0.0,0,0,0.999996,,银行,-0.129252,服饰,-0.000332
strong_index_participation_v1,baseline_2y_1y_5fold,5,2025-04-01,2026-03-31,relative_lag_in_strong_benchmark_context,2025-09-08,SH.000300,2025-09-01,available,300,0.9999959999999999,0.0,,0,0.0,0.0016254439143379429,-0.0016254439143379429,0.0,0.0,0.0,1.0,20,0.32976600000000006,0.0,0.32976600000000006,0.0,0,0,0.999996,,银行,-0.129252,服饰,-0.000332
strong_index_participation_v1,baseline_2y_1y_5fold,5,2025-04-01,2026-03-31,relative_lag_in_strong_benchmark_context,2025-09-09,SH.000300,2025-09-01,available,300,0.9999959999999999,0.0,,0,0.0,-0.007008284145519683,0.007008284145519683,0.0,0.0,0.0,1.0,20,0.32976600000000006,0.0,0.32976600000000006,0.0,0,0,0.999996,,银行,-0.129252,服饰,-0.000332
strong_index_participation_v1,baseline_2y_1y_5fold,5,2025-04-01,2026-03-31,relative_lag_in_strong_benchmark_context,2025-09-10,SH.000300,2025-09-01,available,300,0.9999959999999999,0.0,,0,0.0,0.0020512774273824252,-0.0020512774273824252,0.0,0.0,0.0,1.0,20,0.32976600000000006,0.0,0.32976600000000006,0.0,0,0,0.999996,,银行,-0.129252,服饰,-0.000332
strong_index_participation_v1,baseline_2y_1y_5fold,5,2025-04-01,2026-03-31,relative_lag_in_strong_benchmark_context,2025-09-11,SH.000300,2025-09-01,available,300,0.9999959999999999,0.0,,0,0.0,0.023095992225601547,-0.023095992225601547,0.0,0.0,0.0,1.0,20,0.32976600000000006,0.0,0.32976600000000006,0.0,0,0,0.999996,,银行,-0.129252,服饰,-0.000332
strong_index_participation_v1,baseline_2y_1y_5fold,5,2025-04-01,2026-03-31,relative_lag_in_strong_benchmark_context,2025-09-12,SH.000300,2025-09-01,available,300,0.9999959999999999,0.0,,0,0.0,-0.005723357145841157,0.005723357145841157,0.0,0.0,0.0,1.0,20,0.32976600000000006,0.0,0.32976600000000006,0.0,0,0,0.999996,,银行,-0.129252,服饰,-0.000332
strong_index_participation_v1,baseline_2y_1y_5fold,5,2025-04-01,2026-03-31,relative_lag_in_strong_benchmark_context,2025-09-15,SH.000300,2025-09-01,available,300,0.9999959999999999,0.0,,0,0.0,0.002445820433436552,-0.002445820433436552,0.0,0.0,0.0,1.0,20,0.32976600000000006,0.0,0.32976600000000006,0.0,0,0,0.999996,,银行,-0.129252,服饰,-0.000332
strong_index_participation_v1,baseline_2y_1y_5fold,5,2025-04-01,2026-03-31,relative_lag_in_strong_benchmark_context,2025-09-16,SH.000300,2025-09-01,available,300,0.9999959999999999,0.0,,0,0.0,-0.002144246932535676,0.002144246932535676,0.0,0.0,0.0,1.0,20,0.32976600000000006,0.0,0.32976600000000006,0.0,0,0,0.999996,,银行,-0.129252,服饰,-0.000332
strong_index_participation_v1,baseline_2y_1y_5fold,5,2025-04-01,2026-03-31,relative_lag_in_strong_benchmark_context,2025-09-17,SH.000300,2025-09-01,available,300,0.9999959999999999,0.0,,0,0.0,0.006119371968501319,-0.006119371968501319,0.0,0.0,0.0,1.0,20,0.32976600000000006,0.0,0.32976600000000006,0.0,0,0,0.999996,,银行,-0.129252,服饰,-0.000332
strong_index_participation_v1,baseline_2y_1y_5fold,5,2025-04-01,2026-03-31,relative_lag_in_strong_benchmark_context,2025-09-18,SH.000300,2025-09-01,available,300,0.9999959999999999,0.0,,0,0.0,-0.011625965168248209,0.011625965168248209,0.0,0.0,0.0,1.0,20,0.32976600000000006,0.0,0.32976600000000006,0.0,0,0,0.999996,,银行,-0.129252,服饰,-0.000332
strong_index_participation_v1,baseline_2y_1y_5fold,5,2025-04-01,2026-03-31,relative_lag_in_strong_benchmark_context,2025-09-19,SH.000300,2025-09-01,available,300,0.9999959999999999,0.0,,0,0.0,0.0008470224160814777,-0.0008470224160814777,0.0,0.0,0.0,1.0,20,0.32976600000000006,0.0,0.32976600000000006,0.0,0,0,0.999996,,银行,-0.129252,服饰,-0.000332
strong_index_participation_v1,baseline_2y_1y_5fold,5,2025-04-01,2026-03-31,relative_lag_in_strong_benchmark_context,2025-09-22,SH.000300,2025-09-01,available,300,0.9999959999999999,0.0,,0,0.0,0.004595816895902161,-0.004595816895902161,0.0,0.0,0.0,1.0,20,0.32976600000000006,0.0,0.32976600000000006,0.0,0,0,0.999996,,银行,-0.129252,服饰,-0.000332
strong_index_participation_v1,baseline_2y_1y_5fold,5,2025-04-01,2026-03-31,relative_lag_in_strong_benchmark_context,2025-09-23,SH.000300,2025-09-01,available,300,0.9999959999999999,0.0,0.0,0,0.0,-0.0006257448685603739,0.0006257448685603739,0.0,0.0,0.0,1.0,20,0.32976600000000006,0.0,0.32976600000000006,0.0,0,0,0.999996,,银行,-0.129252,服饰,-0.000332
strong_index_participation_v1,baseline_2y_1y_5fold,5,2025-04-01,2026-03-31,relative_lag_in_strong_benchmark_context,2025-09-24,SH.000300,2025-09-01,available,300,0.9999959999999999,0.3,0.3,6,0.013831521466669201,0.0102416489298151,0.0035898725368541003,0.3,0.0,0.029384,0.970616,20,0.32976600000000006,0.009566,0.32020000000000004,0.029008448414936647,6,0,1.031192,1.731192,银行,-0.129252,元器件,0.10536500000000001
strong_index_participation_v1,baseline_2y_1y_5fold,5,2025-04-01,2026-03-31,relative_lag_in_strong_benchmark_context,2025-09-25,SH.000300,2025-09-01,available,300,0.9999959999999999,0.3,0.3,6,0.0034285497436054996,0.0060051641783853,-0.0025766144347798003,0.3,0.0,0.029384,0.970616,20,0.32976600000000006,0.009566,0.32020000000000004,0.029008448414936647,6,0,1.031192,1.731192,银行,-0.129252,元器件,0.10536500000000001
strong_index_participation_v1,baseline_2y_1y_5fold,5,2025-04-01,2026-03-31,relative_lag_in_strong_benchmark_context,2025-09-26,SH.000300,2025-09-01,available,300,0.9999959999999999,0.3,0.3,6,-0.0105059746401288,-0.0094568617761222,-0.0010491128640066003,0.3,0.0,0.029384,0.970616,20,0.32976600000000006,0.009566,0.32020000000000004,0.029008448414936647,6,0,1.031192,1.731192,银行,-0.129252,元器件,0.10536500000000001
strong_index_participation_v1,baseline_2y_1y_5fold,5,2025-04-01,2026-03-31,relative_lag_in_strong_benchmark_context,2025-09-29,SH.000300,2025-09-01,available,300,0.9999959999999999,0.3,0.3,6,0.0058781997317533,0.0153844463247656,-0.009506246593012298,0.3,0.0,0.029384,0.970616,20,0.32976600000000006,0.009566,0.32020000000000004,0.029008448414936647,6,0,1.031192,1.731192,银行,-0.129252,元器件,0.10536500000000001
strong_index_participation_v1,baseline_2y_1y_5fold,5,2025-04-01,2026-03-31,relative_lag_in_strong_benchmark_context,2025-09-30,SH.000300,2025-09-01,available,300,0.9999959999999999,0.3,0.3,6,0.008693199625215621,0.0044674841181371,0.004225715507078521,0.3,0.0,0.029384,0.970616,20,0.32976600000000006,0.009566,0.32020000000000004,0.029008448414936647,6,0,1.031192,1.731192,银行,-0.129252,元器件,0.10536500000000001
strong_index_participation_v1,baseline_2y_1y_5fold,5,2025-04-01,2026-03-31,relative_lag_in_strong_benchmark_context,2025-10-09,SH.000300,2025-09-30,available,300,0.99999,0.3,0.3,6,0.005638002828133999,0.0148232267184404,-0.0091852238903064,0.3,0.0,0.03456,0.96544,20,0.33319000000000004,0.013300000000000001,0.31989000000000006,0.03991716438068369,6,0,1.00747,1.7074700000000003,银行,-0.11835,元器件,0.10208000000000002
strong_index_participation_v1,baseline_2y_1y_5fold,5,2025-04-01,2026-03-31,relative_lag_in_strong_benchmark_context,2025-10-10,SH.000300,2025-10-09,available,300,1.000008,0.3,0.3,6,-0.018853607556754498,-0.0196730849265736,0.0008194773698191014,0.3,0.0,0.034554999999999995,0.965445,20,0.33055199999999996,0.013229,0.31732299999999997,0.040020934678961256,6,0,1.00404,1.7040400000000002,银行,-0.116329,元器件,0.10152700000000002
strong_index_participation_v1,baseline_2y_1y_5fold,5,2025-04-01,2026-03-31,relative_lag_in_strong_benchmark_context,2025-10-13,SH.000300,2025-10-09,available,300,1.000008,0.3,0.3,6,-0.0109086189165588,-0.004949283382754,-0.0059593355338047995,0.3,0.0,0.034554999999999995,0.965445,20,0.33055199999999996,0.013229,0.31732299999999997,0.040020934678961256,6,0,1.00404,1.7040400000000002,银行,-0.116329,元器件,0.10152700000000002
strong_index_participation_v1,baseline_2y_1y_5fold,5,2025-04-01,2026-03-31,relative_lag_in_strong_benchmark_context,2025-10-14,SH.000300,2025-10-09,available,300,1.000008,0.3,0.3,6,-0.010755606535258701,-0.0119547755976298,0.0011991690623710995,0.3,0.0,0.034554999999999995,0.965445,20,0.33055199999999996,0.013229,0.31732299999999997,0.040020934678961256,6,0,1.00404,1.7040400000000002,银行,-0.116329,元器件,0.10152700000000002
strong_index_participation_v1,baseline_2y_1y_5fold,5,2025-04-01,2026-03-31,relative_lag_in_strong_benchmark_context,2025-10-15,SH.000300,2025-10-09,available,300,1.000008,0.3,0.3,6,0.006336538046908999,0.0148114367291904,-0.0084748986822814,0.3,0.0,0.034554999999999995,0.965445,20,0.33055199999999996,0.013229,0.31732299999999997,0.040020934678961256,6,0,1.00404,1.7040400000000002,银行,-0.116329,元器件,0.10152700000000002
strong_index_participation_v1,baseline_2y_1y_5fold,5,2025-04-01,2026-03-31,relative_lag_in_strong_benchmark_context,2025-10-16,SH.000300,2025-10-09,available,300,1.000008,0.3,0.3,6,-0.0021389649022418365,0.0026333556940618,-0.004772320596303637,0.3,0.0,0.034554999999999995,0.965445,20,0.33055199999999996,0.013229,0.31732299999999997,0.040020934678961256,6,0,1.00404,1.7040400000000002,银行,-0.116329,元器件,0.10152700000000002
strong_index_participation_v1,baseline_2y_1y_5fold,5,2025-04-01,2026-03-31,relative_lag_in_strong_benchmark_context,2025-10-17,SH.000300,2025-10-09,available,300,1.000008,0.3,0.3,6,-0.0142210421959938,-0.0225596632614618,0.008338621065468,0.3,0.0,0.034554999999999995,0.965445,20,0.33055199999999996,0.013229,0.31732299999999997,0.040020934678961256,6,0,1.00404,1.7040400000000002,银行,-0.116329,元器件,0.10152700000000002
strong_index_participation_v1,baseline_2y_1y_5fold,5,2025-04-01,2026-03-31,relative_lag_in_strong_benchmark_context,2025-10-20,SH.000300,2025-10-09,available,300,1.000008,0.3,0.3,6,1.5493584041959593e-05,0.0053143060942841,-0.00529881251024214,0.3,0.0,0.034554999999999995,0.965445,20,0.33055199999999996,0.013229,0.31732299999999997,0.040020934678961256,6,0,1.00404,1.7040400000000002,银行,-0.116329,元器件,0.10152700000000002
strong_index_participation_v1,baseline_2y_1y_5fold,5,2025-04-01,2026-03-31,relative_lag_in_strong_benchmark_context,2025-10-21,SH.000300,2025-10-09,available,300,1.000008,0.3,0.3,6,0.012780459405646,0.0153474269647571,-0.0025669675591110993,0.3,0.0,0.034554999999999995,0.965445,20,0.33055199999999996,0.013229,0.31732299999999997,0.040020934678961256,6,0,1.00404,1.7040400000000002,银行,-0.116329,元器件,0.10152700000000002
strong_index_participation_v1,baseline_2y_1y_5fold,5,2025-04-01,2026-03-31,relative_lag_in_strong_benchmark_context,2025-10-22,SH.000300,2025-10-09,available,300,1.000008,0.3,0.3,6,-0.0015664868202979998,-0.0033204061746534,0.0017539193543554001,0.3,0.0,0.034554999999999995,0.965445,20,0.33055199999999996,0.013229,0.31732299999999997,0.040020934678961256,6,0,1.00404,1.7040400000000002,银行,-0.116329,元器件,0.10152700000000002
strong_index_participation_v1,baseline_2y_1y_5fold,5,2025-04-01,2026-03-31,relative_lag_in_strong_benchmark_context,2025-10-23,SH.000300,2025-10-09,available,300,1.000008,0.3,0.3,6,-0.0017179956633706212,0.0029983212014188,-0.004716316864789421,0.3,0.0,0.034554999999999995,0.965445,20,0.33055199999999996,0.013229,0.31732299999999997,0.040020934678961256,6,0,1.00404,1.7040400000000002,银行,-0.116329,元器件,0.10152700000000002
strong_index_participation_v1,baseline_2y_1y_5fold,5,2025-04-01,2026-03-31,relative_lag_in_strong_benchmark_context,2025-10-24,SH.000300,2025-10-09,available,300,1.000008,0.3,0.3,6,0.0125409603147879,0.0117967844318918,0.0007441758828960997,0.3,0.0,0.034554999999999995,0.965445,20,0.33055199999999996,0.013229,0.31732299999999997,0.040020934678961256,6,0,1.00404,1.7040400000000002,银行,-0.116329,元器件,0.10152700000000002
strong_index_participation_v1,baseline_2y_1y_5fold,5,2025-04-01,2026-03-31,relative_lag_in_strong_benchmark_context,2025-10-27,SH.000300,2025-10-09,available,300,1.000008,0.3,0.3,6,0.0051683484587357,0.0118738038226182,-0.0067054553638825,0.3,0.0,0.034554999999999995,0.965445,20,0.33055199999999996,0.013229,0.31732299999999997,0.040020934678961256,6,0,1.00404,1.7040400000000002,银行,-0.116329,元器件,0.10152700000000002
strong_index_participation_v1,baseline_2y_1y_5fold,5,2025-04-01,2026-03-31,relative_lag_in_strong_benchmark_context,2025-10-28,SH.000300,2025-10-09,available,300,1.000008,0.3,0.3,6,-0.0010385982317046,-0.0050996391024635,0.0040610408707589,0.3,0.0,0.034554999999999995,0.965445,20,0.33055199999999996,0.013229,0.31732299999999997,0.040020934678961256,6,0,1.00404,1.7040400000000002,银行,-0.116329,元器件,0.10152700000000002
strong_index_participation_v1,baseline_2y_1y_5fold,5,2025-04-01,2026-03-31,relative_lag_in_strong_benchmark_context,2025-10-29,SH.000300,2025-10-09,available,300,1.000008,0.3,0.3,6,0.0059132337505657,0.0119075782666981,-0.005994344516132399,0.3,0.0,0.034554999999999995,0.965445,20,0.33055199999999996,0.013229,0.31732299999999997,0.040020934678961256,6,0,1.00404,1.7040400000000002,银行,-0.116329,元器件,0.10152700000000002
strong_index_participation_v1,baseline_2y_1y_5fold,5,2025-04-01,2026-03-31,relative_lag_in_strong_benchmark_context,2025-10-30,SH.000300,2025-10-09,available,300,1.000008,0.0,,0,0.0,-0.007988896003235268,0.007988896003235268,0.0,0.0,0.0,1.0,20,0.33055199999999996,0.0,0.33055199999999996,0.0,0,0,1.000008,,银行,-0.116329,服饰,-0.000322
strong_index_participation_v1,baseline_2y_1y_5fold,5,2025-04-01,2026-03-31,relative_lag_in_strong_benchmark_context,2025-10-31,SH.000300,2025-10-09,available,300,1.000008,0.0,,0,0.0,-0.014700917851933393,0.014700917851933393,0.0,0.0,0.0,1.0,20,0.33055199999999996,0.0,0.33055199999999996,0.0,0,0,1.000008,,银行,-0.116329,服饰,-0.000322
strong_index_participation_v1,baseline_2y_1y_5fold,5,2025-04-01,2026-03-31,relative_lag_in_strong_benchmark_context,2025-11-03,SH.000300,2025-10-31,available,300,1.00004,0.0,,0,0.0,0.002743138383035193,-0.002743138383035193,0.0,0.0,0.0,1.0,20,0.33358999999999994,0.0,0.33358999999999994,0.0,0,0,1.00004,,银行,-0.12358,服饰,-0.00035999999999999997
strong_index_participation_v1,baseline_2y_1y_5fold,5,2025-04-01,2026-03-31,relative_lag_in_strong_benchmark_context,2025-11-04,SH.000300,2025-11-03,available,300,0.9999909999999999,0.0,,0,0.0,-0.007456913224738848,0.007456913224738848,0.0,0.0,0.0,1.0,20,0.33400700000000005,0.0,0.33400700000000005,0.0,0,0,0.999991,,银行,-0.12523399999999998,服饰,-0.000363
strong_index_participation_v1,baseline_2y_1y_5fold,5,2025-04-01,2026-03-31,relative_lag_in_strong_benchmark_context,2025-11-05,SH.000300,2025-11-03,available,300,0.9999909999999999,0.0,,0,0.0,0.0018533353541041464,-0.0018533353541041464,0.0,0.0,0.0,1.0,20,0.33400700000000005,0.0,0.33400700000000005,0.0,0,0,0.999991,,银行,-0.12523399999999998,服饰,-0.000363
strong_index_participation_v1,baseline_2y_1y_5fold,5,2025-04-01,2026-03-31,relative_lag_in_strong_benchmark_context,2025-11-06,SH.000300,2025-11-03,available,300,0.9999909999999999,0.0,,0,0.0,0.014293556013709852,-0.014293556013709852,0.0,0.0,0.0,1.0,20,0.33400700000000005,0.0,0.33400700000000005,0.0,0,0,0.999991,,银行,-0.12523399999999998,服饰,-0.000363
strong_index_participation_v1,baseline_2y_1y_5fold,5,2025-04-01,2026-03-31,relative_lag_in_strong_benchmark_context,2025-11-07,SH.000300,2025-11-03,available,300,0.9999909999999999,0.0,,0,0.0,-0.003112881919290822,0.003112881919290822,0.0,0.0,0.0,1.0,20,0.33400700000000005,0.0,0.33400700000000005,0.0,0,0,0.999991,,银行,-0.12523399999999998,服饰,-0.000363
strong_index_participation_v1,baseline_2y_1y_5fold,5,2025-04-01,2026-03-31,relative_lag_in_strong_benchmark_context,2025-11-10,SH.000300,2025-11-03,available,300,0.9999909999999999,0.0,,0,0.0,0.0034752574917873424,-0.0034752574917873424,0.0,0.0,0.0,1.0,20,0.33400700000000005,0.0,0.33400700000000005,0.0,0,0,0.999991,,银行,-0.12523399999999998,服饰,-0.000363
strong_index_participation_v1,baseline_2y_1y_5fold,5,2025-04-01,2026-03-31,relative_lag_in_strong_benchmark_context,2025-11-11,SH.000300,2025-11-03,available,300,0.9999909999999999,0.0,,0,0.0,-0.009133023077496527,0.009133023077496527,0.0,0.0,0.0,1.0,20,0.33400700000000005,0.0,0.33400700000000005,0.0,0,0,0.999991,,银行,-0.12523399999999998,服饰,-0.000363
strong_index_participation_v1,baseline_2y_1y_5fold,5,2025-04-01,2026-03-31,relative_lag_in_strong_benchmark_context,2025-11-12,SH.000300,2025-11-03,available,300,0.9999909999999999,0.0,,0,0.0,-0.001345608608455895,0.001345608608455895,0.0,0.0,0.0,1.0,20,0.33400700000000005,0.0,0.33400700000000005,0.0,0,0,0.999991,,银行,-0.12523399999999998,服饰,-0.000363
strong_index_participation_v1,baseline_2y_1y_5fold,5,2025-04-01,2026-03-31,relative_lag_in_strong_benchmark_context,2025-11-13,SH.000300,2025-11-03,available,300,0.9999909999999999,0.0,,0,0.0,0.012088051641120812,-0.012088051641120812,0.0,0.0,0.0,1.0,20,0.33400700000000005,0.0,0.33400700000000005,0.0,0,0,0.999991,,银行,-0.12523399999999998,服饰,-0.000363
strong_index_participation_v1,baseline_2y_1y_5fold,5,2025-04-01,2026-03-31,relative_lag_in_strong_benchmark_context,2025-11-14,SH.000300,2025-11-03,available,300,0.9999909999999999,0.0,,0,0.0,-0.015722862483969702,0.015722862483969702,0.0,0.0,0.0,1.0,20,0.33400700000000005,0.0,0.33400700000000005,0.0,0,0,0.999991,,银行,-0.12523399999999998,服饰,-0.000363
strong_index_participation_v1,baseline_2y_1y_5fold,5,2025-04-01,2026-03-31,relative_lag_in_strong_benchmark_context,2025-11-17,SH.000300,2025-11-03,available,300,0.9999909999999999,0.0,,0,0.0,-0.006501531932914806,0.006501531932914806,0.0,0.0,0.0,1.0,20,0.33400700000000005,0.0,0.33400700000000005,0.0,0,0,0.999991,,银行,-0.12523399999999998,服饰,-0.000363
strong_index_participation_v1,baseline_2y_1y_5fold,5,2025-04-01,2026-03-31,relative_lag_in_strong_benchmark_context,2025-11-18,SH.000300,2025-11-03,available,300,0.9999909999999999,0.0,,0,0.0,-0.00649405726340524,0.00649405726340524,0.0,0.0,0.0,1.0,20,0.33400700000000005,0.0,0.33400700000000005,0.0,0,0,0.999991,,银行,-0.12523399999999998,服饰,-0.000363
strong_index_participation_v1,baseline_2y_1y_5fold,5,2025-04-01,2026-03-31,relative_lag_in_strong_benchmark_context,2025-11-19,SH.000300,2025-11-03,available,300,0.9999909999999999,0.0,,0,0.0,0.0043999921194171066,-0.0043999921194171066,0.0,0.0,0.0,1.0,20,0.33400700000000005,0.0,0.33400700000000005,0.0,0,0,0.999991,,银行,-0.12523399999999998,服饰,-0.000363
strong_index_participation_v1,baseline_2y_1y_5fold,5,2025-04-01,2026-03-31,relative_lag_in_strong_benchmark_context,2025-11-20,SH.000300,2025-11-03,available,300,0.9999909999999999,0.0,,0,0.0,-0.005086862425871086,0.005086862425871086,0.0,0.0,0.0,1.0,20,0.33400700000000005,0.0,0.33400700000000005,0.0,0,0,0.999991,,银行,-0.12523399999999998,服饰,-0.000363
strong_index_participation_v1,baseline_2y_1y_5fold,5,2025-04-01,2026-03-31,relative_lag_in_strong_benchmark_context,2025-11-21,SH.000300,2025-11-03,available,300,0.9999909999999999,0.0,,0,0.0,-0.024390190473061124,0.024390190473061124,0.0,0.0,0.0,1.0,20,0.33400700000000005,0.0,0.33400700000000005,0.0,0,0,0.999991,,银行,-0.12523399999999998,服饰,-0.000363
strong_index_participation_v1,baseline_2y_1y_5fold,5,2025-04-01,2026-03-31,relative_lag_in_strong_benchmark_context,2025-11-24,SH.000300,2025-11-03,available,300,0.9999909999999999,0.0,,0,0.0,-0.0012484254346473156,0.0012484254346473156,0.0,0.0,0.0,1.0,20,0.33400700000000005,0.0,0.33400700000000005,0.0,0,0,0.999991,,银行,-0.12523399999999998,服饰,-0.000363
strong_index_participation_v1,baseline_2y_1y_5fold,5,2025-04-01,2026-03-31,relative_lag_in_strong_benchmark_context,2025-11-25,SH.000300,2025-11-03,available,300,0.9999909999999999,0.0,,0,0.0,0.009521026067602634,-0.009521026067602634,0.0,0.0,0.0,1.0,20,0.33400700000000005,0.0,0.33400700000000005,0.0,0,0,0.999991,,银行,-0.12523399999999998,服饰,-0.000363
strong_index_participation_v1,baseline_2y_1y_5fold,5,2025-04-01,2026-03-31,relative_lag_in_strong_benchmark_context,2025-11-26,SH.000300,2025-11-03,available,300,0.9999909999999999,0.0,,0,0.0,0.006064047746303425,-0.006064047746303425,0.0,0.0,0.0,1.0,20,0.33400700000000005,0.0,0.33400700000000005,0.0,0,0,0.999991,,银行,-0.12523399999999998,服饰,-0.000363
strong_index_participation_v1,baseline_2y_1y_5fold,5,2025-04-01,2026-03-31,relative_lag_in_strong_benchmark_context,2025-11-27,SH.000300,2025-11-03,available,300,0.9999909999999999,0.0,,0,0.0,-0.0004936216556027384,0.0004936216556027384,0.0,0.0,0.0,1.0,20,0.33400700000000005,0.0,0.33400700000000005,0.0,0,0,0.999991,,银行,-0.12523399999999998,服饰,-0.000363
strong_index_participation_v1,baseline_2y_1y_5fold,5,2025-04-01,2026-03-31,relative_lag_in_strong_benchmark_context,2025-11-28,SH.000300,2025-11-03,available,300,0.9999909999999999,0.0,,0,0.0,0.002493688266820282,-0.002493688266820282,0.0,0.0,0.0,1.0,20,0.33400700000000005,0.0,0.33400700000000005,0.0,0,0,0.999991,,银行,-0.12523399999999998,服饰,-0.000363
strong_index_participation_v1,baseline_2y_1y_5fold,5,2025-04-01,2026-03-31,relative_lag_in_strong_benchmark_context,2025-12-01,SH.000300,2025-11-28,available,300,0.9999199999999999,0.0,,0,0.0,0.011008116359523257,-0.011008116359523257,0.0,0.0,0.0,1.0,20,0.33791,0.0,0.33791,0.0,0,0,0.99992,,银行,-0.13109,服饰,-0.00037999999999999997
strong_index_participation_v1,baseline_2y_1y_5fold,5,2025-04-01,2026-03-31,relative_lag_in_strong_benchmark_context,2025-12-02,SH.000300,2025-12-01,available,300,1.000003,0.0,,0,0.0,-0.004842138844398214,0.004842138844398214,0.0,0.0,0.0,1.0,20,0.337492,0.0,0.337492,0.0,0,0,1.000003,,银行,-0.130541,服饰,-0.000394
strong_index_participation_v1,baseline_2y_1y_5fold,5,2025-04-01,2026-03-31,relative_lag_in_strong_benchmark_context,2025-12-03,SH.000300,2025-12-01,available,300,1.000003,0.0,,0,0.0,-0.005111619052637795,0.005111619052637795,0.0,0.0,0.0,1.0,20,0.337492,0.0,0.337492,0.0,0,0,1.000003,,银行,-0.130541,服饰,-0.000394
strong_index_participation_v1,baseline_2y_1y_5fold,5,2025-04-01,2026-03-31,relative_lag_in_strong_benchmark_context,2025-12-04,SH.000300,2025-12-01,available,300,1.000003,0.0,,0,0.0,0.0034252546319284427,-0.0034252546319284427,0.0,0.0,0.0,1.0,20,0.337492,0.0,0.337492,0.0,0,0,1.000003,,银行,-0.130541,服饰,-0.000394
strong_index_participation_v1,baseline_2y_1y_5fold,5,2025-04-01,2026-03-31,relative_lag_in_strong_benchmark_context,2025-12-05,SH.000300,2025-12-01,available,300,1.000003,0.0,,0,0.0,0.008351350578568173,-0.008351350578568173,0.0,0.0,0.0,1.0,20,0.337492,0.0,0.337492,0.0,0,0,1.000003,,银行,-0.130541,服饰,-0.000394
strong_index_participation_v1,baseline_2y_1y_5fold,5,2025-04-01,2026-03-31,relative_lag_in_strong_benchmark_context,2025-12-08,SH.000300,2025-12-01,available,300,1.000003,0.0,,0,0.0,0.008116408625510996,-0.008116408625510996,0.0,0.0,0.0,1.0,20,0.337492,0.0,0.337492,0.0,0,0,1.000003,,银行,-0.130541,服饰,-0.000394
strong_index_participation_v1,baseline_2y_1y_5fold,5,2025-04-01,2026-03-31,relative_lag_in_strong_benchmark_context,2025-12-09,SH.000300,2025-12-01,available,300,1.000003,0.0,,0,0.0,-0.005091145129009544,0.005091145129009544,0.0,0.0,0.0,1.0,20,0.337492,0.0,0.337492,0.0,0,0,1.000003,,银行,-0.130541,服饰,-0.000394
strong_index_participation_v1,baseline_2y_1y_5fold,5,2025-04-01,2026-03-31,relative_lag_in_strong_benchmark_context,2025-12-10,SH.000300,2025-12-01,available,300,1.000003,0.0,,0,0.0,-0.0013896681759464347,0.0013896681759464347,0.0,0.0,0.0,1.0,20,0.337492,0.0,0.337492,0.0,0,0,1.000003,,银行,-0.130541,服饰,-0.000394
strong_index_participation_v1,baseline_2y_1y_5fold,5,2025-04-01,2026-03-31,relative_lag_in_strong_benchmark_context,2025-12-11,SH.000300,2025-12-01,available,300,1.000003,0.0,,0,0.0,-0.008634901553411067,0.008634901553411067,0.0,0.0,0.0,1.0,20,0.337492,0.0,0.337492,0.0,0,0,1.000003,,银行,-0.130541,服饰,-0.000394
strong_index_participation_v1,baseline_2y_1y_5fold,5,2025-04-01,2026-03-31,relative_lag_in_strong_benchmark_context,2025-12-12,SH.000300,2025-12-01,available,300,1.000003,0.0,,0,0.0,0.006320048855712912,-0.006320048855712912,0.0,0.0,0.0,1.0,20,0.337492,0.0,0.337492,0.0,0,0,1.000003,,银行,-0.130541,服饰,-0.000394
strong_index_participation_v1,baseline_2y_1y_5fold,5,2025-04-01,2026-03-31,relative_lag_in_strong_benchmark_context,2025-12-15,SH.000300,2025-12-01,available,300,1.000003,0.0,,0,0.0,-0.00630655213438247,0.00630655213438247,0.0,0.0,0.0,1.0,20,0.337492,0.0,0.337492,0.0,0,0,1.000003,,银行,-0.130541,服饰,-0.000394
strong_index_participation_v1,baseline_2y_1y_5fold,5,2025-04-01,2026-03-31,relative_lag_in_strong_benchmark_context,2025-12-16,SH.000300,2025-12-01,available,300,1.000003,0.0,,0,0.0,-0.011974798223222116,0.011974798223222116,0.0,0.0,0.0,1.0,20,0.337492,0.0,0.337492,0.0,0,0,1.000003,,银行,-0.130541,服饰,-0.000394
strong_index_participation_v1,baseline_2y_1y_5fold,5,2025-04-01,2026-03-31,relative_lag_in_strong_benchmark_context,2025-12-17,SH.000300,2025-12-01,available,300,1.000003,0.0,,0,0.0,0.01830552189525414,-0.01830552189525414,0.0,0.0,0.0,1.0,20,0.337492,0.0,0.337492,0.0,0,0,1.000003,,银行,-0.130541,服饰,-0.000394
strong_index_participation_v1,baseline_2y_1y_5fold,5,2025-04-01,2026-03-31,relative_lag_in_strong_benchmark_context,2025-12-18,SH.000300,2025-12-01,available,300,1.000003,0.0,,0,0.0,-0.005915002139794123,0.005915002139794123,0.0,0.0,0.0,1.0,20,0.337492,0.0,0.337492,0.0,0,0,1.000003,,银行,-0.130541,服饰,-0.000394
strong_index_participation_v1,baseline_2y_1y_5fold,5,2025-04-01,2026-03-31,relative_lag_in_strong_benchmark_context,2025-12-19,SH.000300,2025-12-01,available,300,1.000003,0.0,,0,0.0,0.003380344799562618,-0.003380344799562618,0.0,0.0,0.0,1.0,20,0.337492,0.0,0.337492,0.0,0,0,1.000003,,银行,-0.130541,服饰,-0.000394
strong_index_participation_v1,baseline_2y_1y_5fold,5,2025-04-01,2026-03-31,relative_lag_in_strong_benchmark_context,2025-12-22,SH.000300,2025-12-01,available,300,1.000003,0.0,,0,0.0,0.009509257516122416,-0.009509257516122416,0.0,0.0,0.0,1.0,20,0.337492,0.0,0.337492,0.0,0,0,1.000003,,银行,-0.130541,服饰,-0.000394
strong_index_participation_v1,baseline_2y_1y_5fold,5,2025-04-01,2026-03-31,relative_lag_in_strong_benchmark_context,2025-12-23,SH.000300,2025-12-01,available,300,1.000003,0.0,,0,0.0,0.0019754446376760715,-0.0019754446376760715,0.0,0.0,0.0,1.0,20,0.337492,0.0,0.337492,0.0,0,0,1.000003,,银行,-0.130541,服饰,-0.000394
strong_index_participation_v1,baseline_2y_1y_5fold,5,2025-04-01,2026-03-31,relative_lag_in_strong_benchmark_context,2025-12-24,SH.000300,2025-12-01,available,300,1.000003,0.0,0.0,0,0.0,0.0028848255578666,-0.0028848255578666,0.0,0.0,0.0,1.0,20,0.337492,0.0,0.337492,0.0,0,0,1.000003,,银行,-0.130541,服饰,-0.000394
strong_index_participation_v1,baseline_2y_1y_5fold,5,2025-04-01,2026-03-31,relative_lag_in_strong_benchmark_context,2025-12-25,SH.000300,2025-12-01,available,300,1.000003,0.15000000000000002,0.15,3,0.0003357485867467,0.0018299288313055,-0.0014941802445587998,0.15000000000000002,0.0,0.012001000000000001,0.987999,20,0.337492,0.0,0.337492,0.0,3,0,0.946957,1.774799,银行,-0.130541,化工原料,0.035638
strong_index_participation_v1,baseline_2y_1y_5fold,5,2025-04-01,2026-03-31,relative_lag_in_strong_benchmark_context,2025-12-26,SH.000300,2025-12-01,available,300,1.000003,0.15000000000000002,0.15,3,0.00023665782425359998,0.0031663701335906,-0.0029297123093369997,0.15000000000000002,0.0,0.012001000000000001,0.987999,20,0.337492,0.0,0.337492,0.0,3,0,0.946957,1.774799,银行,-0.130541,化工原料,0.035638
strong_index_participation_v1,baseline_2y_1y_5fold,5,2025-04-01,2026-03-31,relative_lag_in_strong_benchmark_context,2025-12-29,SH.000300,2025-12-01,available,300,1.000003,0.15000000000000002,0.15,3,-0.0013284863790359999,-0.0038370365280724,0.0025085501490364,0.15000000000000002,0.0,0.012001000000000001,0.987999,20,0.337492,0.0,0.337492,0.0,3,0,0.946957,1.774799,银行,-0.130541,化工原料,0.035638
strong_index_participation_v1,baseline_2y_1y_5fold,5,2025-04-01,2026-03-31,relative_lag_in_strong_benchmark_context,2025-12-30,SH.000300,2025-12-01,available,300,1.000003,0.15000000000000002,0.15,3,-0.00018143822014838937,0.0025671589030407,-0.0027485971231890893,0.15000000000000002,0.0,0.012001000000000001,0.987999,20,0.337492,0.0,0.337492,0.0,3,0,0.946957,1.774799,银行,-0.130541,化工原料,0.035638
strong_index_participation_v1,baseline_2y_1y_5fold,5,2025-04-01,2026-03-31,relative_lag_in_strong_benchmark_context,2025-12-31,SH.000300,2025-12-01,available,300,1.000003,0.15000000000000002,0.15,3,-0.0004364841155070231,-0.0045879843827936,0.004151500267286576,0.15000000000000002,0.0,0.012001000000000001,0.987999,20,0.337492,0.0,0.337492,0.0,3,0,0.946957,1.774799,银行,-0.130541,化工原料,0.035638
strong_index_participation_v1,baseline_2y_1y_5fold,5,2025-04-01,2026-03-31,relative_lag_in_strong_benchmark_context,2026-01-05,SH.000300,2025-12-31,available,300,0.99997,0.15000000000000002,0.15,3,0.0064679768975715,0.0189656885402402,-0.012497711642668701,0.15000000000000002,0.0,0.01346,0.98654,20,0.33671999999999996,0.0,0.33671999999999996,0.0,3,0,0.93747,1.76341,银行,-0.12029000000000001,化工原料,0.03472
strong_index_participation_v1,baseline_2y_1y_5fold,5,2025-04-01,2026-03-31,relative_lag_in_strong_benchmark_context,2026-01-06,SH.000300,2026-01-05,available,300,1.000001,0.15000000000000002,0.15,3,0.0093603378983485,0.0154607598961369,-0.0061004219977884005,0.15000000000000002,0.0,0.01363,0.98637,20,0.33813400000000005,0.0,0.33813400000000005,0.0,3,0,0.934355,1.760147,银行,-0.117647,化工原料,0.034879
strong_index_participation_v1,baseline_2y_1y_5fold,5,2025-04-01,2026-03-31,relative_lag_in_strong_benchmark_context,2026-01-07,SH.000300,2026-01-05,available,300,1.000001,0.15000000000000002,0.15,3,-0.00033933587179870003,-0.0029265095424666,0.0025871736706679,0.15000000000000002,0.0,0.01363,0.98637,20,0.33813400000000005,0.0,0.33813400000000005,0.0,3,0,0.934355,1.760147,银行,-0.117647,化工原料,0.034879
strong_index_participation_v1,baseline_2y_1y_5fold,5,2025-04-01,2026-03-31,relative_lag_in_strong_benchmark_context,2026-01-08,SH.000300,2026-01-05,available,300,1.000001,0.15000000000000002,0.15,3,-0.0044132892651018,-0.0081688707823651,0.0037555815172633,0.15000000000000002,0.0,0.01363,0.98637,20,0.33813400000000005,0.0,0.33813400000000005,0.0,3,0,0.934355,1.760147,银行,-0.117647,化工原料,0.034879
strong_index_participation_v1,baseline_2y_1y_5fold,5,2025-04-01,2026-03-31,relative_lag_in_strong_benchmark_context,2026-01-09,SH.000300,2026-01-05,available,300,1.000001,0.15000000000000002,0.15,3,-0.0008701713307266001,0.004489567612635,-0.0053597389433616,0.15000000000000002,0.0,0.01363,0.98637,20,0.33813400000000005,0.0,0.33813400000000005,0.0,3,0,0.934355,1.760147,银行,-0.117647,化工原料,0.034879
strong_index_participation_v1,baseline_2y_1y_5fold,5,2025-04-01,2026-03-31,relative_lag_in_strong_benchmark_context,2026-01-12,SH.000300,2026-01-05,available,300,1.000001,0.15000000000000002,0.15,3,-0.0010450066625804577,0.0065140830272414,-0.007559089689821857,0.15000000000000002,0.0,0.01363,0.98637,20,0.33813400000000005,0.0,0.33813400000000005,0.0,3,0,0.934355,1.760147,银行,-0.117647,化工原料,0.034879
strong_index_participation_v1,baseline_2y_1y_5fold,5,2025-04-01,2026-03-31,relative_lag_in_strong_benchmark_context,2026-01-13,SH.000300,2026-01-05,available,300,1.000001,0.15000000000000002,0.15,3,0.0028818763803368,-0.0060314159735445,0.0089132923538813,0.15000000000000002,0.0,0.01363,0.98637,20,0.33813400000000005,0.0,0.33813400000000005,0.0,3,0,0.934355,1.760147,银行,-0.117647,化工原料,0.034879
strong_index_participation_v1,baseline_2y_1y_5fold,5,2025-04-01,2026-03-31,relative_lag_in_strong_benchmark_context,2026-01-14,SH.000300,2026-01-05,available,300,1.000001,0.15000000000000002,0.15,3,-0.0019036453618082,-0.0040117369560787,0.0021080915942705,0.15000000000000002,0.0,0.01363,0.98637,20,0.33813400000000005,0.0,0.33813400000000005,0.0,3,0,0.934355,1.760147,银行,-0.117647,化工原料,0.034879
strong_index_participation_v1,baseline_2y_1y_5fold,5,2025-04-01,2026-03-31,relative_lag_in_strong_benchmark_context,2026-01-15,SH.000300,2026-01-05,available,300,1.000001,0.15000000000000002,0.15,3,0.000785855827727,0.0020034036774057,-0.0012175478496787,0.15000000000000002,0.0,0.01363,0.98637,20,0.33813400000000005,0.0,0.33813400000000005,0.0,3,0,0.934355,1.760147,银行,-0.117647,化工原料,0.034879
strong_index_participation_v1,baseline_2y_1y_5fold,5,2025-04-01,2026-03-31,relative_lag_in_strong_benchmark_context,2026-01-16,SH.000300,2026-01-05,available,300,1.000001,0.15000000000000002,0.15,3,-0.0018636152087684,-0.0041166554068986,0.0022530401981302,0.15000000000000002,0.0,0.01363,0.98637,20,0.33813400000000005,0.0,0.33813400000000005,0.0,3,0,0.934355,1.760147,银行,-0.117647,化工原料,0.034879
strong_index_participation_v1,baseline_2y_1y_5fold,5,2025-04-01,2026-03-31,relative_lag_in_strong_benchmark_context,2026-01-19,SH.000300,2026-01-05,available,300,1.000001,0.15000000000000002,0.15,3,0.0009981584582397002,0.0005473523152581,0.0004508061429816002,0.15000000000000002,0.0,0.01363,0.98637,20,0.33813400000000005,0.0,0.33813400000000005,0.0,3,0,0.934355,1.760147,银行,-0.117647,化工原料,0.034879
strong_index_participation_v1,baseline_2y_1y_5fold,5,2025-04-01,2026-03-31,relative_lag_in_strong_benchmark_context,2026-01-20,SH.000300,2026-01-05,available,300,1.000001,0.15000000000000002,0.15,3,0.003231270550008602,-0.0032907660007688,0.006522036550777402,0.15000000000000002,0.0,0.01363,0.98637,20,0.33813400000000005,0.0,0.33813400000000005,0.0,3,0,0.934355,1.760147,银行,-0.117647,化工原料,0.034879
strong_index_participation_v1,baseline_2y_1y_5fold,5,2025-04-01,2026-03-31,relative_lag_in_strong_benchmark_context,2026-01-21,SH.000300,2026-01-05,available,300,1.000001,0.15000000000000002,0.15,3,-0.0024924709176543,0.000887922557895,-0.0033803934755493,0.15000000000000002,0.0,0.01363,0.98637,20,0.33813400000000005,0.0,0.33813400000000005,0.0,3,0,0.934355,1.760147,银行,-0.117647,化工原料,0.034879
strong_index_participation_v1,baseline_2y_1y_5fold,5,2025-04-01,2026-03-31,relative_lag_in_strong_benchmark_context,2026-01-22,SH.000300,2026-01-05,available,300,1.000001,0.15000000000000002,0.15,3,-0.0006178637902599,0.0001355050846165,-0.0007533688748764,0.15000000000000002,0.0,0.01363,0.98637,20,0.33813400000000005,0.0,0.33813400000000005,0.0,3,0,0.934355,1.760147,银行,-0.117647,化工原料,0.034879
strong_index_participation_v1,baseline_2y_1y_5fold,5,2025-04-01,2026-03-31,relative_lag_in_strong_benchmark_context,2026-01-23,SH.000300,2026-01-05,available,300,1.000001,0.15000000000000002,0.15,3,-0.0016152387145914001,-0.0044901147614904,0.002874876046899,0.15000000000000002,0.0,0.01363,0.98637,20,0.33813400000000005,0.0,0.33813400000000005,0.0,3,0,0.934355,1.760147,银行,-0.117647,化工原料,0.034879
strong_index_participation_v1,baseline_2y_1y_5fold,5,2025-04-01,2026-03-31,relative_lag_in_strong_benchmark_context,2026-01-26,SH.000300,2026-01-05,available,300,1.000001,0.5,0.5,10,0.002204594604895036,0.0009484316852736,0.0012561629196214358,0.5,0.0,0.056213,0.943787,20,0.33813400000000005,0.022647,0.3154870000000001,0.06697640580361632,10,0,0.996019,1.431635,银行,-0.117647,工程机械,0.08684700000000001
strong_index_participation_v1,baseline_2y_1y_5fold,5,2025-04-01,2026-03-31,relative_lag_in_strong_benchmark_context,2026-01-27,SH.000300,2026-01-05,available,300,1.000001,0.5,0.5,10,0.0017517687018541,-0.0002698132127744,0.0020215819146285,0.5,0.0,0.056213,0.943787,20,0.33813400000000005,0.022647,0.3154870000000001,0.06697640580361632,10,0,0.996019,1.431635,银行,-0.117647,工程机械,0.08684700000000001
strong_index_participation_v1,baseline_2y_1y_5fold,5,2025-04-01,2026-03-31,relative_lag_in_strong_benchmark_context,2026-01-28,SH.000300,2026-01-05,available,300,1.000001,0.5,0.5,10,0.002682870178573155,0.0026138568413984,6.901333717475484e-05,0.5,0.0,0.056213,0.943787,20,0.33813400000000005,0.022647,0.3154870000000001,0.06697640580361632,10,0,0.996019,1.431635,银行,-0.117647,工程机械,0.08684700000000001
strong_index_participation_v1,baseline_2y_1y_5fold,5,2025-04-01,2026-03-31,relative_lag_in_strong_benchmark_context,2026-01-29,SH.000300,2026-01-05,available,300,1.000001,0.5,0.5,10,-0.0045103669238433005,0.0076049334568322,-0.0121153003806755,0.5,0.0,0.056213,0.943787,20,0.33813400000000005,0.022647,0.3154870000000001,0.06697640580361632,10,0,0.996019,1.431635,银行,-0.117647,工程机械,0.08684700000000001
strong_index_participation_v1,baseline_2y_1y_5fold,5,2025-04-01,2026-03-31,relative_lag_in_strong_benchmark_context,2026-01-30,SH.000300,2026-01-05,available,300,1.000001,0.5,0.5,10,-0.010260702487519676,-0.0099981699120925,-0.00026253257542717574,0.5,0.0,0.056213,0.943787,20,0.33813400000000005,0.022647,0.3154870000000001,0.06697640580361632,10,0,0.996019,1.431635,银行,-0.117647,工程机械,0.08684700000000001
strong_index_participation_v1,baseline_2y_1y_5fold,5,2025-04-01,2026-03-31,relative_lag_in_strong_benchmark_context,2026-02-02,SH.000300,2026-01-30,available,300,0.99994,0.5,0.5,10,-0.0206852679234472,-0.0213244261995522,0.0006391582761050008,0.5,0.0,0.06223,0.93777,20,0.32594000000000006,0.02574,0.3002000000000001,0.07897158986316498,10,0,0.97944,1.40846,银行,-0.10962,工程机械,0.08705
strong_index_participation_v1,baseline_2y_1y_5fold,5,2025-04-01,2026-03-31,relative_lag_in_strong_benchmark_context,2026-02-03,SH.000300,2026-02-02,available,300,1.0000010000000001,0.5,0.5,10,0.0194864742881754,0.011752113556724,0.0077343607314514,0.5,0.0,0.05976099999999999,0.940239,20,0.32718800000000003,0.023988999999999996,0.30319900000000005,0.07331870361993714,10,0,0.987421,1.418803,银行,-0.112279,工程机械,0.087011
strong_index_participation_v1,baseline_2y_1y_5fold,5,2025-04-01,2026-03-31,relative_lag_in_strong_benchmark_context,2026-02-04,SH.000300,2026-02-02,available,300,1.0000010000000001,0.5,0.5,10,0.0058891265721287,0.008276628663272,-0.002387502091143299,0.5,0.0,0.05976099999999999,0.940239,20,0.32718800000000003,0.023988999999999996,0.30319900000000005,0.07331870361993714,10,0,0.987421,1.418803,银行,-0.112279,工程机械,0.087011
strong_index_participation_v1,baseline_2y_1y_5fold,5,2025-04-01,2026-03-31,relative_lag_in_strong_benchmark_context,2026-02-05,SH.000300,2026-02-02,available,300,1.0000010000000001,0.5,0.5,10,-0.005416137742161135,-0.0060144551235666,0.0005983173814054646,0.5,0.0,0.05976099999999999,0.940239,20,0.32718800000000003,0.023988999999999996,0.30319900000000005,0.07331870361993714,10,0,0.987421,1.418803,银行,-0.112279,工程机械,0.087011
strong_index_participation_v1,baseline_2y_1y_5fold,5,2025-04-01,2026-03-31,relative_lag_in_strong_benchmark_context,2026-02-06,SH.000300,2026-02-02,available,300,1.0000010000000001,0.5,0.5,10,-0.0030463906623660383,-0.0057425242269431,0.002696133564577062,0.5,0.0,0.05976099999999999,0.940239,20,0.32718800000000003,0.023988999999999996,0.30319900000000005,0.07331870361993714,10,0,0.987421,1.418803,银行,-0.112279,工程机械,0.087011
strong_index_participation_v1,baseline_2y_1y_5fold,5,2025-04-01,2026-03-31,relative_lag_in_strong_benchmark_context,2026-02-09,SH.000300,2026-02-02,available,300,1.0000010000000001,0.5,0.5,10,0.011020474822322199,0.0162503230252391,-0.005229848202916901,0.5,0.0,0.05976099999999999,0.940239,20,0.32718800000000003,0.023988999999999996,0.30319900000000005,0.07331870361993714,10,0,0.987421,1.418803,银行,-0.112279,工程机械,0.087011
strong_index_participation_v1,baseline_2y_1y_5fold,5,2025-04-01,2026-03-31,relative_lag_in_strong_benchmark_context,2026-02-10,SH.000300,2026-02-02,available,300,1.0000010000000001,0.5,0.5,10,-0.0001400625909130373,0.001110390628642,-0.0012504532195550372,0.5,0.0,0.05976099999999999,0.940239,20,0.32718800000000003,0.023988999999999996,0.30319900000000005,0.07331870361993714,10,0,0.987421,1.418803,银行,-0.112279,工程机械,0.087011
strong_index_participation_v1,baseline_2y_1y_5fold,5,2025-04-01,2026-03-31,relative_lag_in_strong_benchmark_context,2026-02-11,SH.000300,2026-02-02,available,300,1.0000010000000001,0.5,0.5,10,0.0026072860100245002,-0.0022183180577017,0.0048256040677262,0.5,0.0,0.05976099999999999,0.940239,20,0.32718800000000003,0.023988999999999996,0.30319900000000005,0.07331870361993714,10,0,0.987421,1.418803,银行,-0.112279,工程机械,0.087011
strong_index_participation_v1,baseline_2y_1y_5fold,5,2025-04-01,2026-03-31,relative_lag_in_strong_benchmark_context,2026-02-12,SH.000300,2026-02-02,available,300,1.0000010000000001,0.5,0.5,10,0.004411057694681173,0.0012219388945695,0.0031891188001116734,0.5,0.0,0.05976099999999999,0.940239,20,0.32718800000000003,0.023988999999999996,0.30319900000000005,0.07331870361993714,10,0,0.987421,1.418803,银行,-0.112279,工程机械,0.087011
strong_index_participation_v1,baseline_2y_1y_5fold,5,2025-04-01,2026-03-31,relative_lag_in_strong_benchmark_context,2026-02-13,SH.000300,2026-02-02,available,300,1.0000010000000001,0.5,0.5,10,-0.013716912398160601,-0.0125371325414549,-0.0011797798567057018,0.5,0.0,0.05976099999999999,0.940239,20,0.32718800000000003,0.023988999999999996,0.30319900000000005,0.07331870361993714,10,0,0.987421,1.418803,银行,-0.112279,工程机械,0.087011
strong_index_participation_v1,baseline_2y_1y_5fold,5,2025-04-01,2026-03-31,relative_lag_in_strong_benchmark_context,2026-02-24,SH.000300,2026-02-02,available,300,1.0000010000000001,0.5,0.5,10,0.010560699864252402,0.0101128441489053,0.0004478557153471015,0.5,0.0,0.05976099999999999,0.940239,20,0.32718800000000003,0.023988999999999996,0.30319900000000005,0.07331870361993714,10,0,0.987421,1.418803,银行,-0.112279,工程机械,0.087011
strong_index_participation_v1,baseline_2y_1y_5fold,5,2025-04-01,2026-03-31,relative_lag_in_strong_benchmark_context,2026-02-25,SH.000300,2026-02-02,available,300,1.0000010000000001,0.5,0.5,10,0.00420039076750058,0.0060222536611478,-0.00182186289364722,0.5,0.0,0.05976099999999999,0.940239,20,0.32718800000000003,0.023988999999999996,0.30319900000000005,0.07331870361993714,10,0,0.987421,1.418803,银行,-0.112279,工程机械,0.087011
strong_index_participation_v1,baseline_2y_1y_5fold,5,2025-04-01,2026-03-31,relative_lag_in_strong_benchmark_context,2026-02-26,SH.000300,2026-02-02,available,300,1.0000010000000001,0.5,0.5,10,-0.0011969306233219998,-0.0019046050478369,0.0007076744245149002,0.5,0.0,0.05976099999999999,0.940239,20,0.32718800000000003,0.023988999999999996,0.30319900000000005,0.07331870361993714,10,0,0.987421,1.418803,银行,-0.112279,工程机械,0.087011
strong_index_participation_v1,baseline_2y_1y_5fold,5,2025-04-01,2026-03-31,relative_lag_in_strong_benchmark_context,2026-02-27,SH.000300,2026-02-02,available,300,1.0000010000000001,0.5,0.5,10,0.0028911939042578997,-0.0034314461789726,0.0063226400832305,0.5,0.0,0.05976099999999999,0.940239,20,0.32718800000000003,0.023988999999999996,0.30319900000000005,0.07331870361993714,10,0,0.987421,1.418803,银行,-0.112279,工程机械,0.087011
strong_index_participation_v1,baseline_2y_1y_5fold,5,2025-04-01,2026-03-31,relative_lag_in_strong_benchmark_context,2026-03-02,SH.000300,2026-02-27,available,300,1.00001,0.5,0.5,10,-0.0013332781010968,0.0038253744175433,-0.0051586525186401,0.5,0.0,0.06317,0.93683,20,0.31415,0.025339999999999998,0.28881,0.08066210409040267,10,0,0.97929,1.40799,银行,-0.10894,工程机械,0.0859
strong_index_participation_v1,baseline_2y_1y_5fold,5,2025-04-01,2026-03-31,relative_lag_in_strong_benchmark_context,2026-03-03,SH.000300,2026-03-02,available,300,1.0000019999999998,0.05,0.05,1,-0.001712256149279,-0.0153891051817953,0.0136768490325163,0.05,0.0,0.006866,0.993134,20,0.314828,0.0,0.314828,0.0,1,0,1.0151379999999999,1.965138,银行,-0.109123,化工原料,0.032568
strong_index_participation_v1,baseline_2y_1y_5fold,5,2025-04-01,2026-03-31,relative_lag_in_strong_benchmark_context,2026-03-04,SH.000300,2026-03-02,available,300,1.0000019999999998,0.05,0.05,1,-0.001443627181908,-0.0114435447496723,0.0099999175677643,0.05,0.0,0.006866,0.993134,20,0.314828,0.0,0.314828,0.0,1,0,1.0151379999999999,1.965138,银行,-0.109123,化工原料,0.032568
strong_index_participation_v1,baseline_2y_1y_5fold,5,2025-04-01,2026-03-31,relative_lag_in_strong_benchmark_context,2026-03-05,SH.000300,2026-03-02,available,300,1.0000019999999998,0.05,0.05,1,0.0004182681437938,0.0097922487626611,-0.009373980618867302,0.05,0.0,0.006866,0.993134,20,0.314828,0.0,0.314828,0.0,1,0,1.0151379999999999,1.965138,银行,-0.109123,化工原料,0.032568
strong_index_participation_v1,baseline_2y_1y_5fold,5,2025-04-01,2026-03-31,relative_lag_in_strong_benchmark_context,2026-03-06,SH.000300,2026-03-02,available,300,1.0000019999999998,0.05,0.05,1,0.0021300448430493,0.0027432982836634,-0.0006132534406141001,0.05,0.0,0.006866,0.993134,20,0.314828,0.0,0.314828,0.0,1,0,1.0151379999999999,1.965138,银行,-0.109123,化工原料,0.032568
strong_index_participation_v1,baseline_2y_1y_5fold,5,2025-04-01,2026-03-31,relative_lag_in_strong_benchmark_context,2026-03-09,SH.000300,2026-03-02,available,300,1.0000019999999998,0.05,0.05,1,-0.0016344086021505,-0.0096514492193868,0.0080170406172363,0.05,0.0,0.006866,0.993134,20,0.314828,0.0,0.314828,0.0,1,0,1.0151379999999999,1.965138,银行,-0.109123,化工原料,0.032568
strong_index_participation_v1,baseline_2y_1y_5fold,5,2025-04-01,2026-03-31,relative_lag_in_strong_benchmark_context,2026-03-10,SH.000300,2026-03-02,available,300,1.0000019999999998,0.05,0.05,1,-0.0009726545131169,0.0128481234806498,-0.0138207779937667,0.05,0.0,0.006866,0.993134,20,0.314828,0.0,0.314828,0.0,1,0,1.0151379999999999,1.965138,银行,-0.109123,化工原料,0.032568
strong_index_participation_v1,baseline_2y_1y_5fold,5,2025-04-01,2026-03-31,relative_lag_in_strong_benchmark_context,2026-03-11,SH.000300,2026-03-02,available,300,1.0000019999999998,0.05,0.05,1,0.0007028681555379,0.0063618239225113,-0.0056589557669734,0.05,0.0,0.006866,0.993134,20,0.314828,0.0,0.314828,0.0,1,0,1.0151379999999999,1.965138,银行,-0.109123,化工原料,0.032568
strong_index_participation_v1,baseline_2y_1y_5fold,5,2025-04-01,2026-03-31,relative_lag_in_strong_benchmark_context,2026-03-12,SH.000300,2026-03-02,available,300,1.0000019999999998,0.05,0.05,1,-0.0015930687534935,-0.0036008077372727,0.0020077389837792,0.05,0.0,0.006866,0.993134,20,0.314828,0.0,0.314828,0.0,1,0,1.0151379999999999,1.965138,银行,-0.109123,化工原料,0.032568
strong_index_participation_v1,baseline_2y_1y_5fold,5,2025-04-01,2026-03-31,relative_lag_in_strong_benchmark_context,2026-03-13,SH.000300,2026-03-02,available,300,1.0000019999999998,0.05,0.05,1,-0.0012124711316397,-0.0039295497017638,0.0027170785701241,0.05,0.0,0.006866,0.993134,20,0.314828,0.0,0.314828,0.0,1,0,1.0151379999999999,1.965138,银行,-0.109123,化工原料,0.032568
strong_index_participation_v1,baseline_2y_1y_5fold,5,2025-04-01,2026-03-31,relative_lag_in_strong_benchmark_context,2026-03-16,SH.000300,2026-03-02,available,300,1.0000019999999998,0.05,0.05,1,-0.0029999999999999,0.0005182967313037,-0.0035182967313036,0.05,0.0,0.006866,0.993134,20,0.314828,0.0,0.314828,0.0,1,0,1.0151379999999999,1.965138,银行,-0.109123,化工原料,0.032568
strong_index_participation_v1,baseline_2y_1y_5fold,5,2025-04-01,2026-03-31,relative_lag_in_strong_benchmark_context,2026-03-17,SH.000300,2026-03-02,available,300,1.0000019999999998,0.05,0.05,1,0.0004532292584665,-0.0073037700468367,0.0077569993053032,0.05,0.0,0.006866,0.993134,20,0.314828,0.0,0.314828,0.0,1,0,1.0151379999999999,1.965138,银行,-0.109123,化工原料,0.032568
strong_index_participation_v1,baseline_2y_1y_5fold,5,2025-04-01,2026-03-31,relative_lag_in_strong_benchmark_context,2026-03-18,SH.000300,2026-03-02,available,300,1.0000019999999998,0.05,0.05,1,0.0003181534622582,0.0045046404913056,-0.0041864870290474,0.05,0.0,0.006866,0.993134,20,0.314828,0.0,0.314828,0.0,1,0,1.0151379999999999,1.965138,银行,-0.109123,化工原料,0.032568
strong_index_participation_v1,baseline_2y_1y_5fold,5,2025-04-01,2026-03-31,relative_lag_in_strong_benchmark_context,2026-03-19,SH.000300,2026-03-02,available,300,1.0000019999999998,0.05,0.05,1,-0.0013823456484006,-0.0161173639480243,0.0147350182996237,0.05,0.0,0.006866,0.993134,20,0.314828,0.0,0.314828,0.0,1,0,1.0151379999999999,1.965138,银行,-0.109123,化工原料,0.032568
strong_index_participation_v1,baseline_2y_1y_5fold,5,2025-04-01,2026-03-31,relative_lag_in_strong_benchmark_context,2026-03-20,SH.000300,2026-03-02,available,300,1.0000019999999998,0.05,0.05,1,-0.0009116409537166,-0.0035411552937325,0.0026295143400159,0.05,0.0,0.006866,0.993134,20,0.314828,0.0,0.314828,0.0,1,0,1.0151379999999999,1.965138,银行,-0.109123,化工原料,0.032568
strong_index_participation_v1,baseline_2y_1y_5fold,5,2025-04-01,2026-03-31,relative_lag_in_strong_benchmark_context,2026-03-23,SH.000300,2026-03-02,available,300,1.0000019999999998,0.05,0.05,1,-0.0012922077922077,-0.0326295921629422,0.0313373843707345,0.05,0.0,0.006866,0.993134,20,0.314828,0.0,0.314828,0.0,1,0,1.0151379999999999,1.965138,银行,-0.109123,化工原料,0.032568
strong_index_participation_v1,baseline_2y_1y_5fold,5,2025-04-01,2026-03-31,relative_lag_in_strong_benchmark_context,2026-03-24,SH.000300,2026-03-02,available,300,1.0000019999999998,0.05,0.05,1,7.99893347553593e-05,0.0128383884110456,-0.01275839907629024,0.05,0.0,0.006866,0.993134,20,0.314828,0.0,0.314828,0.0,1,0,1.0151379999999999,1.965138,银行,-0.109123,化工原料,0.032568
strong_index_participation_v1,baseline_2y_1y_5fold,5,2025-04-01,2026-03-31,relative_lag_in_strong_benchmark_context,2026-03-25,SH.000300,2026-03-02,available,300,1.0000019999999998,0.05,0.05,1,0.0022095035272194,0.0140232237994779,-0.0118137202722585,0.05,0.0,0.006866,0.993134,20,0.314828,0.0,0.314828,0.0,1,0,1.0151379999999999,1.965138,银行,-0.109123,化工原料,0.032568
strong_index_participation_v1,baseline_2y_1y_5fold,5,2025-04-01,2026-03-31,relative_lag_in_strong_benchmark_context,2026-03-26,SH.000300,2026-03-02,available,300,1.0000019999999998,0.05,0.05,1,0.0004971319311663,-0.013210004694246,0.0137071366254123,0.05,0.0,0.006866,0.993134,20,0.314828,0.0,0.314828,0.0,1,0,1.0151379999999999,1.965138,银行,-0.109123,化工原料,0.032568
strong_index_participation_v1,baseline_2y_1y_5fold,5,2025-04-01,2026-03-31,relative_lag_in_strong_benchmark_context,2026-03-27,SH.000300,2026-03-02,available,300,1.0000019999999998,0.05,0.05,1,0.0004733055660734,0.0055923690070194,-0.005119063440945999,0.05,0.0,0.006866,0.993134,20,0.314828,0.0,0.314828,0.0,1,0,1.0151379999999999,1.965138,银行,-0.109123,化工原料,0.032568
strong_index_participation_v1,baseline_2y_1y_5fold,5,2025-04-01,2026-03-31,relative_lag_in_strong_benchmark_context,2026-03-30,SH.000300,2026-03-02,available,300,1.0000019999999998,0.05,0.05,1,0.0003938484621155,-0.0023586529470945,0.00275250140921,0.05,0.0,0.006866,0.993134,20,0.314828,0.0,0.314828,0.0,1,0,1.0151379999999999,1.965138,银行,-0.109123,化工原料,0.032568
strong_index_participation_v1,baseline_2y_1y_5fold,5,2025-04-01,2026-03-31,relative_lag_in_strong_benchmark_context,2026-03-31,SH.000300,2026-03-02,available,300,1.0000019999999998,0.0,,0,0.0,-0.009327797504424473,0.009327797504424473,0.0,0.0,0.0,1.0,20,0.314828,0.0,0.314828,0.0,0,0,1.000002,,银行,-0.109123,服饰,-0.00032300000000000004
