strategy_id,walk_forward_preset,fold,valid_start,valid_end,step,label,avg_count,median_count,max_count,avg_share,days_nonzero,valid_days
strong_market_effective_participation_v1,baseline_2y_1y_5fold,1,2021-04-01,2022-03-31,complete_required,Required fields complete,119.8477366255144,120.0,120.0,1.0,243,243
strong_market_effective_participation_v1,baseline_2y_1y_5fold,1,2021-04-01,2022-03-31,mom20_positive,20d momentum positive,52.333333333333336,53.0,87.0,0.4366746321880918,243,243
strong_market_effective_participation_v1,baseline_2y_1y_5fold,1,2021-04-01,2022-03-31,mom60_positive,60d momentum positive,48.04526748971193,51.0,76.0,0.4009700029834072,243,243
strong_market_effective_participation_v1,baseline_2y_1y_5fold,1,2021-04-01,2022-03-31,close_above_ma60,Close above MA60,47.89300411522634,50.0,84.0,0.39966800558543847,243,243
strong_market_effective_participation_v1,baseline_2y_1y_5fold,1,2021-04-01,2022-03-31,amount_ratio_min,Amount ratio >= min,46.79012345679013,44.0,108.0,0.39042929022065687,243,243
strong_market_effective_participation_v1,baseline_2y_1y_5fold,1,2021-04-01,2022-03-31,amount_ratio_max,Amount ratio <= max,119.73251028806584,120.0,120.0,0.9990380514345657,243,243
strong_market_effective_participation_v1,baseline_2y_1y_5fold,1,2021-04-01,2022-03-31,upper_shadow,Upper shadow <= max,85.8477366255144,86.0,112.0,0.7163028502186953,243,243
strong_market_effective_participation_v1,baseline_2y_1y_5fold,1,2021-04-01,2022-03-31,vol20_p80,Vol20 <= date p80,113.8477366255144,114.0,114.0,0.9499357893397994,243,243
strong_market_effective_participation_v1,baseline_2y_1y_5fold,1,2021-04-01,2022-03-31,valid_industry,Industry available,119.8477366255144,120.0,120.0,1.0,243,243
strong_market_effective_participation_v1,baseline_2y_1y_5fold,1,2021-04-01,2022-03-31,hard_base,All stock hard filters,9.584362139917696,8.0,29.0,0.07999903386059731,237,243
strong_market_effective_participation_v1,baseline_2y_1y_5fold,1,2021-04-01,2022-03-31,strong_index_context,Strong index context,3.448559670781893,0.0,120.0,0.02880658436213992,7,243
strong_market_effective_participation_v1,baseline_2y_1y_5fold,1,2021-04-01,2022-03-31,eligible_for_new_buy,Hard filters and strong context,0.5185185185185185,0.0,25.0,0.004334820347892243,7,243
strong_market_effective_participation_v1,baseline_2y_1y_5fold,2,2022-04-01,2023-03-31,complete_required,Required fields complete,119.92592592592592,120.0,120.0,1.0,243,243
strong_market_effective_participation_v1,baseline_2y_1y_5fold,2,2022-04-01,2023-03-31,mom20_positive,20d momentum positive,55.415637860082306,52.0,111.0,0.4620529016516979,243,243
strong_market_effective_participation_v1,baseline_2y_1y_5fold,2,2022-04-01,2023-03-31,mom60_positive,60d momentum positive,51.06172839506173,51.0,102.0,0.42569821399997543,243,243
strong_market_effective_participation_v1,baseline_2y_1y_5fold,2,2022-04-01,2023-03-31,close_above_ma60,Close above MA60,52.03703703703704,45.0,105.0,0.4338811754038297,243,243
strong_market_effective_participation_v1,baseline_2y_1y_5fold,2,2022-04-01,2023-03-31,amount_ratio_min,Amount ratio >= min,45.72839506172839,43.0,110.0,0.38126399265851285,243,243
strong_market_effective_participation_v1,baseline_2y_1y_5fold,2,2022-04-01,2023-03-31,amount_ratio_max,Amount ratio <= max,119.78189300411523,120.0,120.0,0.9987997256515776,243,243
strong_market_effective_participation_v1,baseline_2y_1y_5fold,2,2022-04-01,2023-03-31,upper_shadow,Upper shadow <= max,85.33333333333333,85.0,116.0,0.7115590715605485,243,243
strong_market_effective_participation_v1,baseline_2y_1y_5fold,2,2022-04-01,2023-03-31,vol20_p80,Vol20 <= date p80,113.92592592592592,114.0,114.0,0.9499688471329103,243,243
strong_market_effective_participation_v1,baseline_2y_1y_5fold,2,2022-04-01,2023-03-31,valid_industry,Industry available,119.92592592592592,120.0,120.0,1.0,243,243
strong_market_effective_participation_v1,baseline_2y_1y_5fold,2,2022-04-01,2023-03-31,hard_base,All stock hard filters,10.201646090534979,7.0,61.0,0.08503389009924958,237,243
strong_market_effective_participation_v1,baseline_2y_1y_5fold,2,2022-04-01,2023-03-31,strong_index_context,Strong index context,0.0,0.0,0.0,0.0,0,243
strong_market_effective_participation_v1,baseline_2y_1y_5fold,2,2022-04-01,2023-03-31,eligible_for_new_buy,Hard filters and strong context,0.0,0.0,0.0,0.0,0,243
strong_market_effective_participation_v1,baseline_2y_1y_5fold,3,2023-04-03,2024-03-29,complete_required,Required fields complete,119.97925311203319,120.0,120.0,1.0,241,241
strong_market_effective_participation_v1,baseline_2y_1y_5fold,3,2023-04-03,2024-03-29,mom20_positive,20d momentum positive,51.86721991701245,48.0,117.0,0.43232330276508946,241,241
strong_market_effective_participation_v1,baseline_2y_1y_5fold,3,2023-04-03,2024-03-29,mom60_positive,60d momentum positive,43.941908713692946,42.0,84.0,0.36629589595174167,241,241
strong_market_effective_participation_v1,baseline_2y_1y_5fold,3,2023-04-03,2024-03-29,close_above_ma60,Close above MA60,46.738589211618255,42.0,105.0,0.3896187105547613,241,241
strong_market_effective_participation_v1,baseline_2y_1y_5fold,3,2023-04-03,2024-03-29,amount_ratio_min,Amount ratio >= min,46.04979253112033,43.0,112.0,0.383784883247905,241,241
strong_market_effective_participation_v1,baseline_2y_1y_5fold,3,2023-04-03,2024-03-29,amount_ratio_max,Amount ratio <= max,119.81742738589212,120.0,120.0,0.9986514522821577,241,241
strong_market_effective_participation_v1,baseline_2y_1y_5fold,3,2023-04-03,2024-03-29,upper_shadow,Upper shadow <= max,85.24896265560166,85.0,114.0,0.7105268663481991,241,241
strong_market_effective_participation_v1,baseline_2y_1y_5fold,3,2023-04-03,2024-03-29,vol20_p80,Vol20 <= date p80,113.97925311203319,114.0,114.0,0.9499912828201817,241,241
strong_market_effective_participation_v1,baseline_2y_1y_5fold,3,2023-04-03,2024-03-29,valid_industry,Industry available,119.97925311203319,120.0,120.0,1.0,241,241
strong_market_effective_participation_v1,baseline_2y_1y_5fold,3,2023-04-03,2024-03-29,hard_base,All stock hard filters,8.526970954356846,7.0,36.0,0.07106913304740985,234,241
strong_market_effective_participation_v1,baseline_2y_1y_5fold,3,2023-04-03,2024-03-29,strong_index_context,Strong index context,0.0,0.0,0.0,0.0,0,241
strong_market_effective_participation_v1,baseline_2y_1y_5fold,3,2023-04-03,2024-03-29,eligible_for_new_buy,Hard filters and strong context,0.0,0.0,0.0,0.0,0,241
strong_market_effective_participation_v1,baseline_2y_1y_5fold,4,2024-04-01,2025-03-31,complete_required,Required fields complete,119.95850622406638,120.0,120.0,1.0,241,241
strong_market_effective_participation_v1,baseline_2y_1y_5fold,4,2024-04-01,2025-03-31,mom20_positive,20d momentum positive,57.933609958506224,51.0,120.0,0.48287771540151325,241,241
strong_market_effective_participation_v1,baseline_2y_1y_5fold,4,2024-04-01,2025-03-31,mom60_positive,60d momentum positive,68.24896265560166,57.0,119.0,0.5688227158083149,241,241
strong_market_effective_participation_v1,baseline_2y_1y_5fold,4,2024-04-01,2025-03-31,close_above_ma60,Close above MA60,63.024896265560166,58.0,119.0,0.5252708137196788,241,241
strong_market_effective_participation_v1,baseline_2y_1y_5fold,4,2024-04-01,2025-03-31,amount_ratio_min,Amount ratio >= min,45.07883817427386,38.0,120.0,0.3757583946441647,241,241
strong_market_effective_participation_v1,baseline_2y_1y_5fold,4,2024-04-01,2025-03-31,amount_ratio_max,Amount ratio <= max,119.29045643153528,120.0,120.0,0.9944323372502529,241,241
strong_market_effective_participation_v1,baseline_2y_1y_5fold,4,2024-04-01,2025-03-31,upper_shadow,Upper shadow <= max,85.04564315352697,85.0,120.0,0.708945860501877,241,241
strong_market_effective_participation_v1,baseline_2y_1y_5fold,4,2024-04-01,2025-03-31,vol20_p80,Vol20 <= date p80,113.95850622406638,114.0,114.0,0.949982565640364,241,241
strong_market_effective_participation_v1,baseline_2y_1y_5fold,4,2024-04-01,2025-03-31,valid_industry,Industry available,119.95850622406638,120.0,120.0,1.0,241,241
strong_market_effective_participation_v1,baseline_2y_1y_5fold,4,2024-04-01,2025-03-31,hard_base,All stock hard filters,13.489626556016598,10.0,70.0,0.112423434103932,236,241
strong_market_effective_participation_v1,baseline_2y_1y_5fold,4,2024-04-01,2025-03-31,strong_index_context,Strong index context,0.0,0.0,0.0,0.0,0,241
strong_market_effective_participation_v1,baseline_2y_1y_5fold,4,2024-04-01,2025-03-31,eligible_for_new_buy,Hard filters and strong context,0.0,0.0,0.0,0.0,0,241
strong_market_effective_participation_v1,baseline_2y_1y_5fold,5,2025-04-01,2026-03-31,complete_required,Required fields complete,119.64876033057851,120.0,120.0,1.0,242,242
strong_market_effective_participation_v1,baseline_2y_1y_5fold,5,2025-04-01,2026-03-31,mom20_positive,20d momentum positive,61.67768595041322,60.0,115.0,0.5156872848593143,242,242
strong_market_effective_participation_v1,baseline_2y_1y_5fold,5,2025-04-01,2026-03-31,mom60_positive,60d momentum positive,68.1900826446281,61.0,112.0,0.5698778614961885,242,242
strong_market_effective_participation_v1,baseline_2y_1y_5fold,5,2025-04-01,2026-03-31,close_above_ma60,Close above MA60,63.16942148760331,58.0,114.0,0.5280498920397407,242,242
strong_market_effective_participation_v1,baseline_2y_1y_5fold,5,2025-04-01,2026-03-31,amount_ratio_min,Amount ratio >= min,48.264462809917354,40.0,116.0,0.4034990218247265,242,242
strong_market_effective_participation_v1,baseline_2y_1y_5fold,5,2025-04-01,2026-03-31,amount_ratio_max,Amount ratio <= max,119.32231404958678,120.0,120.0,0.9972685887634225,242,242
strong_market_effective_participation_v1,baseline_2y_1y_5fold,5,2025-04-01,2026-03-31,upper_shadow,Upper shadow <= max,85.09504132231405,85.0,113.0,0.7112142615836081,242,242
strong_market_effective_participation_v1,baseline_2y_1y_5fold,5,2025-04-01,2026-03-31,vol20_p80,Vol20 <= date p80,113.64876033057851,114.0,114.0,0.9498518023261973,242,242
strong_market_effective_participation_v1,baseline_2y_1y_5fold,5,2025-04-01,2026-03-31,valid_industry,Industry available,119.64876033057851,120.0,120.0,1.0,242,242
strong_market_effective_participation_v1,baseline_2y_1y_5fold,5,2025-04-01,2026-03-31,hard_base,All stock hard filters,15.380165289256198,11.0,69.0,0.1285929107600457,242,242
strong_market_effective_participation_v1,baseline_2y_1y_5fold,5,2025-04-01,2026-03-31,strong_index_context,Strong index context,30.15289256198347,0.0,120.0,0.25206611570247933,61,242
strong_market_effective_participation_v1,baseline_2y_1y_5fold,5,2025-04-01,2026-03-31,eligible_for_new_buy,Hard filters and strong context,4.1570247933884295,0.0,48.0,0.03479129710435792,61,242
